ID,Speed_Number,Speed_Letter,Speed_Figure,Error_Number,Error_Letter,Error_Figure,AverageQus_Par1,AverageQus_Par2,AverageQus_Par3,Number_Letter,Category_Switch,Color_Shape,Keep_Track,Letter_Memory,N_Back,Antisaccade,Stop_Signal,Stroop,OSpan_PCU,RSpan_PCU,SSpan_PCU,RI_F,RI_N,RI_V,DA_Uni,DA_Cross,Factor_Speed,Factor_Error,Factor_Question,Factor_Speed_Question,Factor_Multitasking_Behavior,Factor_Shifting,Factor_Updating,Factor_Inhibition,Factor_WMC,Factor_RI,Factor_DA
1.0,65.0,74.0,71.0,0.0,10.65,13.840000000000002,0.0625,0.375,0.4375,629.1800000000001,976.81,1030.54,0.5357142857142857,0.3333333333333333,-1.1359844495135014,0.76,101.08000000000004,221.36,0.813888888888889,0.7388888888888889,0.39166666666666666,1.89,0.64,1.31,70.0,95.0,-1.4596312052546607,-1.1559536767902452,-2.5898082996524763,-1.9477278262254456,-2.692236720116656,2.4373336332579205,-2.821881473734215,-0.6182153799975335,-0.11051663692414415,-3.131813286598878,-3.111507307692403
2.0,97.0,97.0,94.0,12.32,14.55,17.090000000000003,0.5625,0.875,0.75,638.0500000000001,760.7,849.8599999999999,0.7678571428571429,0.5833333333333334,1.4820144683302798,0.91,120.96000000000004,246.11,0.8027777777777779,0.725,0.7166666666666667,2.34,2.92,3.12,683.0,702.0,-0.7807135345968774,1.539280738256469,0.46721042102321797,-0.45896150414434433,0.8759340250345027,1.3740560105496116,0.5843924988641007,0.9441846350000631,0.31090806274957083,0.9582154926324793,1.5787819879748457
3.0,120.0,100.0,117.0,9.88,10.700000000000001,13.520000000000001,0.625,0.8125,0.5625,563.98,646.36,801.63,0.6785714285714286,0.9166666666666666,-0.5521682176548169,0.57,230.41000000000003,180.3,0.8333333333333334,0.7166666666666667,0.9,3.12,2.92,3.48,0.0,636.0,-0.3460616252470995,0.11233395401005607,0.0031940889969533925,-0.24358897526830925,-0.12252922539810825,0.578049452058896,-0.5357647844460945,0.8829644794656977,0.6217450630099395,1.6812857974683153,-1.449604160067258
4.0,97.0,97.0,93.0,12.32,14.55,16.040000000000003,0.875,0.9375,0.8125,674.0300000000001,861.91,886.37,0.875,0.6666666666666666,0.9358558544369482,0.86,47.54000000000002,212.11,0.9722222222222223,0.8416666666666667,0.6749999999999999,2.86,2.99,2.44,537.0,758.0,-0.7921853566571715,1.4210179766570539,1.2925432868793043,-0.2521305762916993,0.9608988385279275,1.9679021723257586,1.3799891243516544,-1.0810712658899502,1.0082352567781034,0.6756773076598527,1.1838576869614192
5.0,149.0,168.0,219.0,11.0,14.55,16.5,0.5625,0.8125,0.75,444.68000000000006,887.91,946.06,0.7321428571428571,0.5,1.5742497100056496,0.73,108.46000000000004,190.35000000000002,1.0,0.7555555555555555,0.5194444444444445,2.05,2.56,2.91,635.0,613.0,1.6446529763788984,1.299788905873338,0.25880348472397274,1.3412010196631172,2.2738718048934654,1.3236389053076092,0.2019075860200943,-0.6749123534471567,0.5214516349730621,0.2695381579244046,1.062200075989555
6.0,98.0,108.0,211.0,8.4,11.850000000000001,14.650000000000002,0.3125,0.4375,0.25,490.22,525.29,1002.23,0.8035714285714286,0.5,-0.407146371388911,0.81,187.66000000000003,262.34000000000003,0.9388888888888888,0.7111111111111111,0.7472222222222222,2.44,2.12,2.41,414.0,550.0,0.671358561404238,0.25617553050498704,-2.3379166854033433,-0.46084715631602235,-0.19542368890539408,-0.006093977991976113,-0.020914655370616625,1.7034569235762262,0.5845962879558081,-0.41337246922504645,-0.067646446108337
7.0,88.0,93.0,88.0,3.040000000000001,1.4700000000000006,1.4100000000000001,0.5,0.4375,0.375,486.76000000000005,559.25,260.77,0.6607142857142857,0.6666666666666666,-1.0461411702910537,0.53,93.83000000000004,233.38,0.8444444444444446,0.7805555555555556,0.4444444444444444,2.44,1.79,1.93,107.0,439.0,-0.9430143855907305,-3.8384399190357064,-1.801950998202444,-1.3030644723906857,-4.356419768742679,-0.5871323213871504,-1.251459304254466,-2.4906018256318463,0.18034484164156794,-1.1695497330312423,-1.7217188027768136
8.0,101.0,99.0,43.0,0.0,0.0,0.0,0.0625,0.5625,0.5625,683.72,714.96,995.7099999999999,0.48,0.17,-3.0539487414335675,0.23,66.54000000000002,190.52,0.7722222222222221,0.4166666666666667,0.38055555555555554,2.34,1.61,0.75,209.0,0.0,-1.3221398869093386,-4.664943957967807,-1.7277158772307484,-1.3280316465660689,-5.067607736143553,1.4812949700459141,-4.32490546633438,-5.334527042445708,-1.3610842263421459,-2.4641022277566096,-2.885608453967378
9.0,155.0,145.0,123.0,6.83,11.22,13.060000000000002,0.75,0.8125,0.875,470.55000000000007,609.8199999999999,876.73,0.6428571428571429,0.3333333333333333,0.8957765919813018,0.82,153.08,185.13,0.8333333333333334,0.4055555555555556,0.8250000000000001,3.12,3.13,2.39,371.0,519.0,0.36376967338610644,-0.24408255386305988,0.794769171924872,0.7543646561136114,0.4659939002881418,0.1636386835127348,-1.0728557500918297,0.9988836613672872,-0.6014871917029332,0.8992742446048754,-0.3549635560290365
10.0,158.0,130.0,139.0,6.37,6.750000000000001,13.090000000000002,0.875,0.875,0.6875,384.1700000000001,527.8,512.0899999999999,0.6428571428571429,0.5,-1.5518528053450125,0.67,168.79000000000002,213.44,0.8333333333333334,0.611111111111111,0.513888888888889,2.76,1.81,1.46,491.0,426.0,0.4245380431631762,-1.119529160056364,0.8472647370560668,0.7291966270720076,-0.28617419139668787,-0.8427336892022812,-1.852202712800856,0.23811432809572308,-0.34098605780614677,-1.4125678355029847,-0.19949774413309174
11.0,85.0,75.0,104.0,12.32,13.23,16.37,0.8125,0.75,0.75,613.9300000000001,470.55,840.76,0.8571428571428571,0.5833333333333334,-0.9950990928920732,0.75,219.37000000000003,294.76,0.9722222222222223,0.6611111111111111,0.19444444444444442,2.57,2.64,2.09,680.0,703.0,-0.9477008749574678,1.2164745100830707,0.4491886466606035,-0.7105023348029686,0.383585133406533,0.04353336866227504,0.30571129609139364,1.9718455014102265,-0.3653488209793325,-0.12998562656277174,1.570124549071459
12.0,81.0,117.0,125.0,6.510000000000001,13.700000000000001,15.320000000000002,0.75,0.75,0.5,295.31000000000006,506.15,621.99,0.8392857142857143,0.9166666666666666,0.03829219275462037,0.82,192.08,176.73000000000002,0.7999999999999999,0.6749999999999999,0.2972222222222222,2.38,0.98,2.44,519.0,609.0,-0.3357406170950578,0.42264014106062375,-0.12425260494634996,-0.473291418489402,-0.06769134460563814,-1.1440222258865036,1.0647735756937788,1.8773213288951103,-0.5099963788926869,-1.5279714834431843,0.573820216614227
13.0,112.0,104.0,117.0,8.870000000000001,13.600000000000001,17.490000000000002,0.625,0.625,0.6875,424.25000000000006,593.43,817.9,0.8035714285714286,0.5,0.3797984438149316,0.86,111.08000000000004,225.96,0.6666666666666666,0.7916666666666666,0.5722222222222223,2.44,2.56,2.81,618.0,682.0,-0.3579368494342172,0.9581118658778587,-0.38515510637678996,-0.36657627982472474,0.4734212447207516,-0.1268293470795607,0.3067147189107151,0.35010641089768835,0.052459135148424,0.3776073155618967,1.241179188905002
14.0,88.0,93.0,90.0,3.99,10.43,12.920000000000002,0.4375,0.8125,0.5625,552.96,800.72,907.3499999999999,0.6785714285714286,0.5,0.6065892638354446,0.56,220.04000000000002,170.82000000000002,0.7166666666666668,0.6194444444444445,0.4527777777777777,2.67,2.28,2.26,7.0,117.0,-0.9200707414701421,-0.7768086914144117,-0.2958999846799536,-0.8364502332729982,-1.38992734257294,1.2984642480258783,-0.6525297729751036,0.5750820197419273,-0.6413412278651445,-0.27608066972405304,-3.2897129257156026
15.0,85.0,75.0,80.0,11.16,14.55,17.94,0.75,0.6875,0.6875,354.47,580.34,1063.37,0.8571428571428571,0.9166666666666666,-0.14987397115936432,0.18,180.91000000000003,274.85,0.9666666666666667,0.5444444444444444,0.5499999999999999,2.2,2.82,2.65,282.0,16.0,-1.2230246044045263,1.48295231164069,0.02264787904039317,-0.9874703649353667,0.35993777103158886,-0.1935972366366521,1.1369577035417955,-3.1299929539754663,-0.2527014755720556,0.3639910399787042,-2.529719949752391
16.0,129.0,98.0,153.0,12.32,14.55,16.62,0.9375,0.875,0.8125,573.1800000000001,616.26,845.5699999999999,0.7857142857142857,0.75,1.3958403778858774,0.68,196.16000000000003,254.32,0.9166666666666666,0.5888888888888889,0.725,2.93,3.4,2.39,638.0,721.0,0.10384544655210783,1.4863440735405402,1.1838343751390281,0.40060330750601586,1.5946424447038487,0.5246679855583505,0.9387156424255196,0.9289055146905967,0.06984501675424326,1.0657036842519765,1.4633228002157108
17.0,162.0,151.0,159.0,10.5,12.600000000000001,14.950000000000003,0.75,0.875,0.75,403.21000000000004,552.11,584.43,0.8214285714285714,0.8333333333333334,-0.16098891713824032,0.73,191.58,244.58,0.9305555555555557,0.8888888888888888,0.3194444444444445,1.87,2.09,2.62,601.0,511.0,0.8766811203092479,0.7025911118898086,0.766304494700125,1.0649485858809256,1.5308404733686805,-0.6020887505682992,0.7114449231029731,1.197286080524962,0.551931717445343,-0.5427660757541536,0.5560145543207733
18.0,147.0,131.0,140.0,9.030000000000001,5.520000000000001,17.76,0.375,0.625,0.5,309.08000000000004,272.98,921.04,0.7678571428571429,0.8333333333333334,0.04271560937487512,0.43,206.91000000000003,322.23,0.6944444444444445,0.777777777777778,0.6666666666666666,2.86,2.56,3.16,521.0,486.0,0.3772701012135818,-0.47007220812137473,-1.1392546248986544,0.10108477584598909,-0.3021743915088542,-1.801004385339778,0.3446828948816319,-0.6866644339802879,0.20285055862103155,0.9083088998702769,0.1391185712548444
19.0,120.0,101.0,160.0,9.88,8.07,8.560000000000002,0.5625,0.5,0.4375,426.84000000000003,309.17,61.049999999999955,0.5892857142857143,0.5833333333333334,-0.9590187083263445,0.35,142.66000000000003,180.07000000000002,0.8444444444444444,0.35000000000000003,0.6333333333333334,2.34,1.22,2.55,520.0,523.0,0.15665146351279183,-0.9279091819783107,-1.375410230582234,-0.358153610516211,-1.0914199947363619,-2.057169288461715,-1.9371198243280245,-2.7282992717846715,-1.068051604322968,-1.2148264927476033,0.2682547197106105
20.0,203.0,163.0,247.0,8.99,6.640000000000001,11.330000000000002,0.5625,0.75,0.625,671.6300000000001,459.8,736.5,0.7142857142857143,0.6666666666666666,-0.8464900464828348,0.67,242.21,197.83,1.0,0.9444444444444443,0.3972222222222222,2.67,2.67,2.55,578.0,567.0,2.2533660410095644,-0.9944456841382534,-0.1864750650992647,1.8334738231404317,0.7981194782010538,0.10180760472707484,-0.716767890421266,1.8918295473237423,1.0093709239447295,0.3665861991636915,0.6636698052107177
21.0,134.0,115.0,153.0,5.38,8.05,8.640000000000002,0.75,0.9375,0.9375,469.9000000000001,426.7,589.03,0.75,0.75,-0.9422114789491579,0.53,140.37,216.33,0.9444444444444443,0.5472222222222223,0.5166666666666666,2.21,1.3,1.61,458.0,427.0,0.2950498949303304,-1.5124681108120455,1.3300188512853586,0.6650955148299466,-0.6706429406227677,-0.8957767877103358,-0.3357343862216766,-1.4423328757153115,-0.3386102765475012,-2.0539664393819876,-0.3307355615494954
22.0,172.0,162.0,223.0,10.61,11.56,14.880000000000003,0.5625,0.6875,0.5,563.2900000000001,689.21,848.31,0.8928571428571429,0.5,-0.27716432617357123,0.62,123.75,284.25,1.0,0.8111111111111112,0.7333333333333334,2.76,2.56,3.38,563.0,616.0,1.776517605077885,0.5186873088313344,-0.631753614922502,1.2381851668209676,1.5312683700944996,0.8031061901118498,0.7858183738667536,-1.1479092393471204,1.0443595205107576,1.0565395408089808,0.7788089644020595
23.0,198.0,173.0,260.0,7.510000000000001,12.850000000000001,15.470000000000002,1.0,1.0,0.9375,661.71,779.74,614.8399999999999,0.8214285714285714,0.5833333333333334,0.9468425825798776,0.92,141.37,238.92000000000002,1.0,0.8111111111111112,0.911111111111111,2.21,2.56,4.34,546.0,617.0,2.4657632639307754,0.41497756740218283,1.9372178858204796,2.5591653852360716,2.617142317721846,1.3128494762119547,0.8131544521075449,1.4782084840053549,1.3143331025866751,1.6454991420607599,0.712947348859265
24.0,102.0,85.0,103.0,12.32,11.14,18.21,0.875,0.875,0.6875,627.9000000000001,520.56,843.5799999999999,0.6428571428571429,0.75,-0.6098129077160018,0.56,244.21,325.67,0.775,0.7611111111111111,0.6444444444444445,2.76,2.46,2.44,579.0,669.0,-0.7595801525261076,1.0410056293478167,0.8472647370560668,-0.38626306996528875,0.5250556720250728,0.30882746982153925,-1.1004876174928901,1.119488133181606,0.27350170487749637,0.10814400814663047,1.0350169105151803
25.0,115.0,114.0,161.0,7.36,11.99,18.55,0.625,0.875,0.6875,444.06000000000006,666.5,190.80999999999995,0.75,0.75,-0.3320236711333366,0.78,96.87,317.17,1.0,0.85,0.8333333333333334,3.07,2.46,2.72,449.0,426.0,0.25966104221220787,0.5847392212994166,0.44847263882019084,0.25090593908566194,0.7101506989247559,-0.34873127710979085,-0.08169440043562018,-0.5644253273402278,1.3348868041502853,0.5194657604465395,-0.3711102740513159
26.0,84.0,88.0,92.0,9.99,10.200000000000001,14.020000000000001,0.4375,0.75,0.75,393.82000000000005,363.78999999999996,667.9,0.6964285714285714,0.6666666666666666,-0.32023479782212444,0.5,133.29000000000002,115.42000000000002,0.938888888888889,0.42777777777777776,0.6611111111111111,2.5,2.56,2.65,412.0,492.0,-0.9690378906138266,0.09151202071483162,-0.14899950069321044,-0.8241334836897624,-0.65510503928551,-1.3574580719578835,-0.6481951149301015,-1.8247275074329425,-0.5564613558355065,0.2633223315206314,-0.2846532103216264
27.0,112.0,107.0,122.0,5.65,13.620000000000001,17.560000000000002,0.9375,0.6875,0.5,503.5400000000001,708.1,929.1899999999999,0.8035714285714286,1.0,0.3651319375123464,0.91,236.29000000000002,322.63,1.0,0.8083333333333332,0.7777777777777777,3.59,3.13,3.38,621.0,719.0,-0.27230351863101226,0.5475470285009467,-0.03356546756868822,-0.27624653172624714,0.2113114767790978,0.7497561386656577,1.0196383191272234,3.5418824861791354,1.1019481200496057,2.034787280177187,1.3866593878291702
28.0,137.0,119.0,161.0,12.32,12.09,17.340000000000003,0.8125,0.75,0.625,560.3700000000001,723.84,993.6099999999999,0.8571428571428571,0.8333333333333334,1.0065004347781341,0.82,192.75000000000003,266.53000000000003,0.6138888888888889,0.32222222222222224,0.4388888888888889,2.34,2.5,3.48,576.0,505.0,0.4431137514026988,1.1169757074489683,0.21231703313661127,0.4039242799969302,1.289658985924186,1.0801367808005056,1.4985537130327526,1.8924124375423834,-1.931266254051848,0.8747096322865905,0.43226064520576696
29.0,97.0,106.0,101.0,12.32,11.8,14.450000000000003,0.8125,0.75,1.0,477.1500000000001,941.69,906.4599999999999,0.7321428571428571,0.8333333333333334,1.5742497100056496,0.69,118.29000000000002,257.62,1.0,0.6055555555555555,0.125,3.12,1.65,3.38,474.0,558.0,-0.6155881186696153,0.7383681931587156,0.922931873708588,-0.18669290057336926,0.44986942512250017,1.6297147908265845,0.681260731821115,-0.7507335584742258,-0.6124112331849177,0.352842697694619,0.20631910250102
30.0,66.0,66.0,88.0,10.83,13.06,10.840000000000002,0.25,0.5625,0.3125,312.97,475.28999999999996,755.39,0.6071428571428571,0.6666666666666666,-0.9432062667878263,0.8,184.83,330.36,0.39999999999999997,0.38055555555555554,0.7999999999999999,2.78,1.65,2.65,539.0,504.0,-1.3338113784606076,0.3671696166331176,-1.902365030601826,-1.7470791792413831,-1.244386844297411,-1.084587438327834,-1.6601748314956135,1.5654057462411675,-1.609869621672189,-0.481111481276178,0.2774775794251304
31.0,189.0,182.0,242.0,12.32,11.360000000000001,16.75,1.0,0.9375,0.875,522.1600000000001,763.81,835.0799999999999,0.9285714285714286,0.9166666666666666,0.4870979276236948,0.91,237.91000000000003,199.17000000000002,1.0,0.9027777777777777,0.75,2.86,4.03,4.02,679.0,770.0,2.2883221703875756,0.9168493689699773,1.6103751427592385,2.332477731972501,2.83435793836093,0.9625379808634956,2.0042427306787483,3.5783714354456757,1.3965278111746746,3.119679085846969,1.8072786659646847
32.0,99.0,93.0,101.0,6.61,12.440000000000001,18.19,0.875,0.875,0.8125,653.07,827.12,868.2099999999999,0.7142857142857143,0.8333333333333334,-0.41176250042953155,0.82,279.16,152.55,1.0,0.7611111111111111,0.7583333333333334,2.34,2.4,2.01,580.0,625.0,-0.7257161946297737,0.5282758719110359,1.084136350580059,-0.27212999431636814,0.19889903605890297,1.727936289022427,-0.29610084507014417,3.8387149721854397,0.9040382278478374,-0.5534608190672807,0.8806765694240071
33.0,139.0,98.0,157.0,8.18,11.58,13.180000000000001,0.625,0.625,0.5,417.51000000000005,648.36,737.52,0.7142857142857143,0.9166666666666666,-0.13962314659882002,0.61,165.79000000000002,202.99,1.0,0.4777777777777778,0.48888888888888893,2.76,2.4,1.43,655.0,682.0,0.21170046586340552,0.012326717904239115,-0.7404625266627782,-0.04436687566094727,-0.029097982440936393,0.006001557672483421,-0.0629625603350201,-0.2753066181700395,-0.5154296724592675,-0.8646284317081726,1.3923616557377232
34.0,124.0,115.0,156.0,11.52,11.190000000000001,13.720000000000002,0.6875,0.75,0.8125,421.1700000000001,421.48,657.96,0.75,0.75,-0.1747598052148912,0.77,180.75000000000003,188.93,0.8611111111111112,0.9444444444444445,0.8250000000000001,2.21,1.65,2.44,462.0,409.0,0.2674976300410914,0.4395749052404614,0.36822840430466164,0.3086469882845094,0.6403753849420174,-1.0243188357693056,-0.016220607365928036,1.2505832427949075,1.3765351663377747,-0.9614618863489333,-0.37920229214356876
35.0,212.0,219.0,232.0,8.68,10.18,16.650000000000002,0.875,0.9375,0.625,493.75000000000006,692.36,817.68,0.6785714285714286,0.5833333333333334,-1.5194261917819045,0.83,211.54000000000002,275.3,1.0,0.7277777777777777,0.25555555555555554,2.5,3.39,2.62,561.0,459.0,2.664845117433972,0.21234126251938523,0.9372358665933159,2.5597205661713236,2.4487035439130427,0.540704313625688,-1.417817228481641,2.3899473372811357,0.02166163927781828,1.0451992843313669,0.20534290434515393
36.0,93.0,109.0,154.0,9.190000000000001,11.010000000000002,11.940000000000001,0.5625,0.6875,0.5625,0.0,829.85,1155.3899999999999,0.75,0.75,-0.7718238135972477,0.78,155.50000000000003,242.47000000000003,0.5611111111111111,0.7222222222222223,0.5333333333333333,2.6,2.4,3.12,632.0,679.0,-0.0040944214003417745,-0.09931012898038011,-0.513317808160506,-0.3213309346744527,-0.36796404985822856,-0.2976268726133302,-0.2647967510711824,0.7561592995099334,-0.4688868494365619,0.5837459545659331,1.287581568700664
37.0,144.0,94.0,144.0,6.44,0.0,15.170000000000002,0.4375,0.625,0.5,288.22,526.06,862.31,0.75,0.5,-0.16387709991681282,0.65,137.29000000000002,266.94,0.5888888888888889,0.4888888888888889,0.5972222222222222,2.39,1.97,1.93,445.0,354.0,0.05585168394566356,-2.1121059890118774,-1.0395566003396852,-0.1802381240787135,-1.9207523543016405,-0.8530507982358995,-0.37120466117809425,-0.6200092914184696,-1.147376017813549,-1.0195571773208296,-0.6466974487696209
38.0,110.0,103.0,149.0,9.67,12.65,15.920000000000002,1.0,0.9375,0.8125,553.7,922.26,1010.62,0.8392857142857143,0.6666666666666666,1.0582715618392795,0.65,194.75000000000003,174.73000000000002,0.9722222222222223,0.6388888888888888,0.9,2.76,2.12,2.84,592.0,641.0,-0.012656829886074972,0.712194033929311,1.4919393359972424,0.3187626047367997,0.876626664767159,1.9183370728370095,1.129907555774674,0.6742222054058565,0.6268704650434241,0.13882675863182461,0.987318303995859
39.0,101.0,131.0,97.0,9.440000000000001,8.790000000000001,0.0,0.0625,0.3125,0.6875,597.1200000000001,559.21,1303.07,0.7857142857142857,0.4166666666666667,-0.7987596525394312,0.27,221.96,216.99,0.7555555555555555,0.9027777777777777,0.6194444444444445,2.06,1.13,2.11,398.0,168.0,-0.40106981030162275,-1.817869294985495,-2.324472008903737,-0.861686006976224,-2.2802227099355266,0.806626517731034,-0.4543171170848671,-1.536607771803953,0.7011369083579173,-1.8434361736006664,-1.5084514460855964
40.0,100.0,101.0,138.0,8.47,9.830000000000002,7.630000000000003,0.1875,0.5625,0.3125,568.69,624.14,661.3599999999999,0.7321428571428571,0.5833333333333334,-1.2590351175388317,0.41,153.29000000000002,278.02,0.25,0.19999999999999998,0.1638888888888889,2.18,0.9,0.96,156.0,239.0,-0.21966408395392106,-0.8952114146207728,-2.0020630551607947,-0.8502840904938551,-1.5009131163423035,0.365078849123304,-0.8578379017346305,-2.043019879282056,-3.5247370483813567,-3.04754192020829,-2.241623974121948
41.0,86.0,91.0,84.0,5.800000000000001,9.34,16.840000000000003,0.1875,0.75,0.375,103.05000000000007,0.0,308.5,0.75,0.3333333333333333,-0.4070199781753729,0.53,86.96000000000004,255.53000000000003,0.37222222222222223,0.21666666666666667,0.6277777777777778,1.74,1.16,2.39,580.0,533.0,-1.020144700380421,-0.2976159460241483,-1.258406439501063,-1.190017794442265,-1.3042209501031674,-4.283464597279748,-0.7121091061298102,-2.6453419993732856,-2.5122814300313494,-1.723675863923038,0.5494214662157981
42.0,99.0,88.0,109.0,7.510000000000001,8.170000000000002,16.490000000000002,0.3125,0.5,0.625,131.6400000000001,530.8399999999999,843.0,0.7321428571428571,0.9166666666666666,-1.7979571113150294,0.56,114.62,0.0,0.8361111111111111,0.7666666666666666,0.5694444444444444,2.86,1.97,1.77,0.0,195.0,-0.6810653189836449,-0.32711667613406215,-1.4188949085321216,-0.9386326517268999,-1.1057174010852222,-1.4059588666892149,-0.6028545874593533,-1.7994025677140502,0.3036984552694177,-0.925065191739553,-3.037468296097912
43.0,90.0,73.0,117.0,10.15,11.88,11.3,0.8125,0.8125,0.5625,591.94,759.03,953.55,0.8035714285714286,0.75,1.441415684539046,0.67,178.16000000000003,235.04000000000002,0.8138888888888888,0.3833333333333333,0.9166666666666666,2.57,2.56,2.84,591.0,679.0,-0.7864328029730735,0.11376278115210608,0.3022881626738604,-0.6749570014903313,-0.5041652735068087,1.3033703503613119,1.1082135466222358,0.449164608729972,-0.58106478781288,0.4709619621652045,1.1200550513995404
44.0,107.0,77.0,83.0,11.39,12.020000000000001,16.82,0.8125,0.625,0.75,462.39000000000004,741.63,1159.65,0.6964285714285714,1.0,0.4870979276236948,0.67,201.66000000000003,257.32,0.5333333333333333,0.5805555555555556,1.0,2.67,2.99,2.72,482.0,498.0,-1.0334306495348877,0.923675295341825,0.03237477406211309,-0.7377977197700294,0.11526378344009924,0.9686143620066616,0.1672755203878187,0.9784796135223781,-0.3218427293693502,0.8323929994444669,0.022971266562905743
45.0,96.0,139.0,148.0,9.290000000000001,12.440000000000001,15.900000000000002,0.375,0.625,0.5625,659.2800000000001,601.51,827.29,0.8392857142857143,1.0,1.0239789021908852,0.64,257.87,265.17,0.9,0.7916666666666666,0.6749999999999999,2.86,1.97,2.72,528.0,557.0,0.22840717057627452,0.621672886285078,-1.0208188181366582,-0.21129115289291261,0.3307539668560372,0.7492429017799788,1.5949836107225885,2.0216316479031033,0.6830698906076481,-0.06509128087739335,0.4233631848765358
46.0,140.0,127.0,139.0,9.540000000000001,10.040000000000001,14.380000000000003,0.5,0.875,0.5625,471.14000000000004,499.63,1031.55,0.8928571428571429,1.0,-0.30244598251235105,0.61,202.00000000000003,184.72,0.638888888888889,0.6166666666666667,0.6694444444444444,2.5,2.67,2.81,466.0,586.0,0.28472190673522346,0.04377014518725564,0.012204976178260635,0.31441432231638916,0.3155238185741512,-0.15480872091456852,1.4943225600442225,0.5402889700654088,-0.4803931467974446,0.51538141945603,0.27444777210584426
47.0,119.0,162.0,147.0,8.29,13.33,15.250000000000002,0.5,0.8125,0.375,346.06000000000006,510.71,352.53,0.6785714285714286,0.8333333333333334,-0.13962314659882002,0.55,103.33000000000004,195.43,0.8111111111111112,0.5722222222222223,0.3611111111111111,2.76,2.34,3.48,198.0,300.0,0.5762301538238902,0.5803444580630029,-0.551509380406973,0.2641513869286494,0.7182418930872307,-1.2041001211976552,-0.48384784628391875,-2.128007146774374,-0.7568552989408038,0.9326203571088226,-1.85037490838089
48.0,94.0,95.0,116.0,12.32,11.49,11.970000000000002,0.6875,0.8125,0.75,470.97,401.23,1006.8499999999999,0.8035714285714286,0.8333333333333334,0.9871617135282704,0.88,71.37,246.92000000000002,0.4361111111111111,0.7666666666666666,0.4583333333333333,3.12,4.03,2.72,125.0,541.0,-0.5657732489259331,0.4022771720524408,0.45819953384191076,-0.37529175476107873,0.002304688307502911,-0.5984580940794648,1.0389319082547388,-0.3957070543228962,-0.6785189392221753,2.0752678329772314,-1.2809094829816412
49.0,189.0,160.0,208.0,11.27,12.110000000000001,16.82,0.625,0.9375,0.8125,658.86,841.5699999999999,1034.53,0.8214285714285714,0.75,1.0065004347781341,0.82,217.96,266.95,0.85,0.6972222222222223,0.5944444444444444,2.6,2.92,3.38,661.0,724.0,1.6909359366581902,0.9244247861439232,0.8937511886434284,1.7581813438184715,2.3310011321208632,1.970063155763558,1.077668427083854,2.4602435554494706,0.12228955969329952,1.325971924967971,1.5681028872527698
50.0,146.0,124.0,141.0,10.31,9.93,15.090000000000002,0.9375,0.8125,0.75,532.74,472.43,904.49,0.6964285714285714,0.6666666666666666,-0.10523143880485678,0.74,206.62000000000003,211.15,0.8611111111111112,0.5972222222222222,0.625,2.76,2.12,2.84,601.0,593.0,0.31657196899615003,0.20453531504494993,0.8569916320777866,0.5918419282132239,0.6957580008542456,-0.1747511185985012,-0.5586825917870836,1.610355819924501,-0.1652846110139229,0.13882675863182461,0.8512636680498291
51.0,96.0,63.0,76.0,11.290000000000001,4.550000000000001,9.650000000000002,0.375,0.8125,0.5,514.6200000000001,460.5,1285.8,0.9107142857142857,0.75,0.6478325891878202,0.19,161.46,212.89000000000001,1.0,0.5166666666666667,0.30277777777777776,2.57,3.18,2.2,590.0,525.0,-1.3138442704755073,-1.2648683078610026,-0.5140338160009186,-1.1627600804228195,-2.0863981982214925,0.07714691235119919,1.6809614502696846,-3.4937774492691234,-0.6593911224731697,0.49594978524393674,0.5614768008034814
52.0,146.0,119.0,187.0,7.13,6.09,12.200000000000003,0.625,0.625,0.375,343.30000000000007,477.43,1190.5,0.7142857142857143,0.5,0.016734551306491624,0.69,152.75000000000003,173.69,0.7194444444444444,0.6361111111111112,0.7666666666666666,2.38,2.92,1.79,470.0,337.0,0.7971520829334547,-1.2409980519745132,-0.9773341401867706,0.29315333475043953,-0.7744153524069415,-0.549330524549951,-0.5970574651817442,0.025444954936256037,-0.09959115234202742,-0.22537949773332067,-0.6057573154566668
53.0,116.0,83.0,92.0,12.32,12.200000000000001,17.040000000000003,0.75,0.8125,0.5625,423.06000000000006,686.3199999999999,927.0899999999999,0.7857142857142857,0.75,-0.19379307358155412,0.56,75.83000000000004,48.00999999999999,0.4694444444444445,0.7888888888888889,0.5972222222222222,2.6,3.65,2.27,0.0,381.0,-0.8178648520256626,1.1033289939150475,0.20259013811489132,-0.5338417401818673,0.44604069470292956,0.3698262733824731,0.2769022560497005,-2.6731101862628766,-0.32057338490980974,1.0327203477261429,-2.3677568917856635
54.0,95.0,143.0,172.0,11.280000000000001,9.25,13.160000000000002,0.6875,0.5,0.625,602.1800000000001,756.54,882.99,0.8392857142857143,0.8333333333333334,0.7345258017463528,0.61,156.87000000000003,195.65,1.0,0.4138888888888889,0.8166666666666668,2.44,3.39,4.02,464.0,570.0,0.5352330875853002,-0.010203326707235477,-0.8207067611783077,0.007228248789539496,-0.002091319646515828,1.2611387042314925,1.2347987933426112,-0.4762210795635823,-0.24547618804979104,2.2819765309716606,0.20866616370499808
55.0,88.0,67.0,68.0,7.970000000000001,10.260000000000002,7.480000000000002,0.625,0.4375,0.4375,614.9200000000001,556.65,905.67,0.6964285714285714,0.6666666666666666,-0.8098282583023604,0.55,218.00000000000003,201.53000000000003,0.5222222222222223,0.5777777777777778,0.6416666666666667,2.21,2.14,1.68,0.0,0.0,-1.4174940711449777,-0.8989118930456574,-1.4841191423225102,-1.552828154994902,-2.12748655299518,0.4763705639579356,-0.8520279581108801,0.4548248361849967,-0.8985098018794231,-1.1718185191311516,-3.7395850909413983
56.0,118.0,114.0,144.0,3.790000000000001,6.49,13.910000000000002,0.75,0.5625,0.6875,310.4800000000001,557.22,1080.08,0.6964285714285714,0.6666666666666666,-0.5923528437125941,0.49,193.91000000000003,265.36,0.75,0.17777777777777778,0.5638888888888888,2.93,1.54,2.23,424.0,384.0,0.08323038650824452,-1.4129948861631396,-0.39416599355809734,-0.06982199628618892,-1.2399342628495063,-0.4318685049110529,-0.7614862420628976,-0.5336281718285042,-1.9796799744339038,-0.892150031924526,-0.6244857452912735
57.0,69.0,93.0,123.0,8.15,9.450000000000001,17.57,0.6875,0.5,0.3125,353.39000000000004,651.23,893.0999999999999,0.75,0.4166666666666667,0.5771880088466341,0.66,92.41000000000003,210.3,0.9166666666666666,0.7722222222222221,0.6694444444444444,2.76,2.25,2.72,536.0,442.0,-0.6592393025136672,0.11281008800206777,-1.4128857949882883,-1.1773256031220993,-0.9507977706296091,-0.05920871876082673,-0.18251470880514306,-1.5565801940257813,0.6391948070441192,0.15691464753812423,0.041982406803079186
58.0,75.0,81.0,91.0,6.07,8.740000000000002,15.980000000000002,0.1875,0.5,0.25,283.94000000000005,508.53,760.55,0.5892857142857143,0.9166666666666666,-1.0613358090032023,0.5,97.33000000000004,128.72,1.0,0.34722222222222215,0.5166666666666667,2.6,2.1,1.68,543.0,402.0,-1.1022538518079437,-0.46895333501990477,-2.3289057982220362,-1.6463562294684215,-1.8520472796041012,-1.0408281296975253,-1.500364440181175,-2.6346920849791093,-0.9387717113260303,-1.0122153834318754,-0.07343946279382935
59.0,89.0,111.0,104.0,8.02,4.790000000000001,13.720000000000002,0.625,0.5625,0.5625,571.99,514.55,644.02,0.7857142857142857,0.4166666666666667,0.4245472924337239,0.8,95.83000000000004,267.84000000000003,0.9333333333333332,0.8611111111111112,0.8222222222222221,2.34,2.46,3.38,600.0,640.0,-0.583623136508606,-1.1911775689156292,-0.8304336562000275,-0.7523980881859791,-1.660779617902104,-0.10687576044115818,0.05498325721360914,-0.4392340591428383,1.2220519882420375,0.7451964712194987,1.0164058059847483
60.0,145.0,117.0,167.0,12.32,12.870000000000001,14.060000000000002,0.8125,0.8125,0.9375,586.5400000000001,376.9,962.8399999999999,0.8571428571428571,0.75,0.06580331519023949,0.79,231.50000000000003,243.0,0.9722222222222222,0.9333333333333332,0.8333333333333334,2.34,2.92,3.16,687.0,742.0,0.5426693882860709,0.8903750446343608,1.012903003245837,0.7810238587753882,1.4354146437286284,-0.3350631517351793,0.987074230498119,2.5422946853837307,1.5755387456587677,0.9944249204582545,1.7391499963598607
61.0,108.0,130.0,147.0,5.42,9.440000000000001,9.910000000000002,0.3125,0.5625,0.4375,312.50000000000006,528.61,170.05999999999995,0.5535714285714286,0.3333333333333333,-1.1770347287261775,0.64,167.25000000000003,255.32,0.5388888888888889,0.38333333333333336,0.7416666666666667,3.12,3.18,2.12,371.0,199.0,0.2064739642949226,-1.1096530548654477,-1.5657953925188648,-0.34841709064697896,-1.2342932235805208,-1.422302252674017,-2.6884484700815463,-0.01949710674744295,-1.4060902178335855,0.7035975961592107,-1.5071552193619373
62.0,142.0,107.0,134.0,8.92,13.620000000000001,13.540000000000003,0.5,0.6875,0.8125,415.00000000000006,313.7,554.1099999999999,0.8214285714285714,0.9166666666666666,1.3958403778858774,0.84,119.87,20.78000000000003,0.8055555555555555,0.5083333333333333,0.9249999999999999,2.67,2.46,2.72,526.0,483.0,0.05126153930288087,0.5234354429184004,-0.13927260567149052,0.14653487232250204,0.5664172360716153,-1.6053549786718249,1.4794392148246736,0.39947647406800724,-0.13964153841583538,0.3157809120343037,0.14874683749660134
63.0,165.0,125.0,166.0,10.530000000000001,13.760000000000002,18.57,0.75,0.8125,0.625,294.77000000000004,501.55,716.52,0.8571428571428571,0.8333333333333334,0.6844874926553973,0.74,162.21,183.79000000000002,1.0,0.8333333333333334,0.6277777777777778,2.93,3.4,2.98,661.0,607.0,0.730530949703978,1.3266621431262955,0.32102594487688746,0.7791505125985285,1.797470862644379,-1.0745724251246505,1.364489803213568,0.6100630810806383,0.9633010739942235,1.5997927446821596,1.146832810346678
64.0,74.0,70.0,92.0,12.32,14.55,15.000000000000002,0.625,0.625,0.75,687.37,677.3299999999999,1036.76,0.8571428571428571,0.9166666666666666,-0.3468675992079128,0.5,250.91000000000003,227.10000000000002,1.0,1.0,0.7000000000000001,2.76,3.13,1.93,502.0,518.0,-1.2006509446943547,1.3038815270728712,-0.26671929961479385,-1.110553525171994,0.10141921157256406,1.3733862603092688,1.0549431863253154,0.8245504016599434,1.6672656005203839,0.2995494610374486,0.17670349786322354
65.0,173.0,115.0,150.0,11.75,11.190000000000001,14.110000000000003,0.625,0.9375,0.8125,470.55000000000007,693.48,841.27,0.8035714285714286,0.6666666666666666,0.8678331474945702,0.76,177.08,13.509999999999991,0.9333333333333332,0.5722222222222223,0.7444444444444445,2.03,3.13,3.64,520.0,531.0,0.5023085799229211,0.5136518824719654,0.8937511886434284,0.8737396225628099,1.2036351336595152,0.48598910898206976,0.7495751765067712,1.0936118695438646,0.07383976415027105,1.4757776522370056,0.297059511293933
66.0,146.0,186.0,175.0,10.97,9.450000000000001,15.320000000000002,0.75,1.0,0.875,568.6200000000001,788.22,777.77,0.8214285714285714,0.6666666666666666,1.0251434500706262,0.87,172.16000000000003,292.67,0.9444444444444443,0.9333333333333332,0.5333333333333333,2.05,2.45,2.44,566.0,458.0,1.2909478094153282,0.2290650165641746,1.4199899808226077,1.5069037577690523,1.5282997526523843,1.1759879238359652,0.9655918023371761,1.8001830788352005,1.0634663880102293,-0.2631439956607512,0.22217236848274147
67.0,159.0,173.0,157.0,6.96,10.66,13.180000000000001,0.5,0.8125,0.8125,543.47,422.65999999999997,319.94999999999993,0.75,0.8333333333333334,1.105222729561604,0.69,172.58,158.56,0.7361111111111112,0.7111111111111111,0.8250000000000001,2.38,3.13,2.09,509.0,348.0,1.0424914405470096,-0.3160694326120531,0.27754126692699993,1.1021587281314136,0.7146383538338119,-0.9112921081723844,0.6365138477327337,0.472096722810018,0.29031858347740774,0.25088656634892526,-0.4067962349626759
68.0,106.0,65.0,109.0,9.57,10.14,7.790000000000001,0.625,0.5,0.375,334.96000000000004,551.34,945.6999999999999,0.6785714285714286,0.16666666666666666,-0.6876057744748842,0.37,0.0,215.41000000000003,0.25,0.20555555555555552,0.12222222222222223,2.38,0.98,1.93,275.0,370.0,-0.8544569310811907,-0.6762252614781011,-1.3941480127852612,-1.128653343409688,-1.5653963112185996,-0.49951073716572025,-1.670696190567977,-5.792962938851137,-3.5682025147201397,-1.9896416882218175,-1.2837100105100736
69.0,143.0,153.0,224.0,7.0200000000000005,11.39,14.090000000000002,0.4375,0.5,0.75,648.0100000000001,613.93,1081.9299999999998,0.6428571428571429,0.6666666666666666,-0.6468753218862398,0.57,126.41000000000003,137.23000000000002,0.6805555555555555,0.8055555555555557,0.6749999999999999,1.9,2.56,2.44,578.0,419.0,1.523460345529624,-0.07203568130542068,-0.9826272458901915,0.8658428074536534,0.7083577212867016,1.0072714711481563,-1.2357561289466676,-1.4595359672751638,0.2863075611344292,-0.23230443718304178,0.13078116091925113
70.0,121.0,124.0,153.0,9.120000000000001,13.75,16.62,0.9375,0.8125,1.0,640.1300000000001,816.0699999999999,1081.42,0.8035714285714286,0.5,0.3851588703332904,0.74,245.46,289.96000000000004,0.9,0.7999999999999999,0.5444444444444444,2.5,3.65,2.91,756.0,770.0,0.29931450604437604,0.920362584440963,1.330734859125771,0.6154635724378386,1.313484123559089,1.8401771189260276,0.3089464296382787,2.4851896406111837,0.5145224292110367,1.561149980835486,2.121901637481429
71.0,68.0,74.0,75.0,6.760000000000001,10.65,9.530000000000001,0.6875,0.5625,0.625,381.15000000000003,368.42,1180.03,0.7321428571428571,0.75,-1.0631005938791023,0.47,104.87,229.94,0.5527777777777777,0.5666666666666667,0.21388888888888888,1.3,1.11,1.08,325.0,279.0,-1.395153597692448,-0.7552225623595372,-0.6122998248790624,-1.36624037404289,-1.8421057951919022,-0.8898075326267606,-0.5365877494083255,-2.6877852115875935,-1.5256117859851528,-3.182324947848951,-1.4070638839153384
72.0,199.0,172.0,169.0,9.39,11.73,13.060000000000002,0.3125,0.625,0.9375,350.34000000000003,437.34,1042.74,0.5714285714285714,0.6666666666666666,-0.7032271315590158,0.54,33.120000000000005,202.60000000000002,0.3,0.5027777777777778,0.1111111111111111,2.6,2.12,2.11,464.0,429.0,1.4185994893837792,0.18489769105299175,-0.40990200212365047,1.3934912220994524,1.3908283547518212,-0.8373978245423329,-1.8613111226490675,-3.783728325084426,-2.4235772055141727,-0.6034692385534658,-0.29901828795106133
73.0,176.0,172.0,229.0,7.46,8.540000000000001,13.020000000000001,0.8125,0.875,0.8125,679.58,815.96,968.41,0.7857142857142857,0.8333333333333334,1.2385300753098214,0.93,170.54000000000002,261.74,0.9722222222222222,0.8611111111111112,0.8583333333333334,2.67,3.18,3.12,694.0,717.0,1.9643830315401465,-0.6567489293863076,0.98443832602109,1.878959601863292,1.1200139603010757,1.8707164660292381,0.9930608027946914,2.2095429475630515,1.3559790851548061,1.3796878373398238,1.6777371109816817
74.0,107.0,114.0,171.0,8.72,11.99,16.880000000000003,0.6875,0.8125,0.875,308.51000000000005,369.92,414.40999999999997,0.7857142857142857,0.5,0.6578926573878954,0.51,172.79000000000002,190.54000000000002,1.0,0.9166666666666666,0.7416666666666667,2.21,2.85,3.38,461.0,389.0,0.3248050779590519,0.5749281571334639,0.695071147365903,0.3400778040182595,0.7811090935784011,-1.8774795734710912,0.27197040904088704,-0.8607196821941588,1.4333967794155176,1.059147412636397,-0.4553002837189757
75.0,73.0,76.0,77.0,0.2699999999999996,6.120000000000001,3.790000000000001,0.3125,0.375,0.25,249.02000000000004,238.96000000000004,907.0999999999999,0.5,0.5,-1.6187434887757894,0.14,134.71000000000004,206.22000000000003,0.9722222222222222,0.20555555555555557,0.3,3.12,1.63,1.61,429.0,452.0,-1.3223766077023094,-3.082013647853827,-2.5463236217025886,-1.8641836220133803,-4.223788855494815,-2.1721426582105283,-3.08423936337471,-4.467836274684173,-1.8294385473631278,-1.2689192793472577,-0.3592149537475292
76.0,138.0,158.0,157.0,10.89,9.73,15.490000000000002,0.3125,0.75,0.5,521.9200000000001,776.83,1120.02,0.8571428571428571,0.8333333333333334,-0.02275334259592815,0.68,197.46,186.07000000000002,0.7277777777777779,0.625,0.5361111111111111,1.3,2.18,2.11,326.0,604.0,0.7709881027910824,0.28899727520396884,-0.8221387768591328,0.4373652709008228,0.6290774976822529,1.2913543016399078,1.0700436516628045,0.958186770274857,-0.4723847441486267,-1.2069606086392515,-0.23278321322576068
77.0,67.0,85.0,96.0,9.42,7.960000000000001,16.14,0.6875,0.8125,0.625,380.89000000000004,695.03,1076.8,0.75,1.0,-1.50778475843925,0.43,231.71,290.34000000000003,0.9666666666666667,0.8305555555555556,0.8333333333333334,2.44,1.79,1.84,548.0,451.0,-1.056769965693591,-0.1546089386299826,0.22132792031791854,-0.9242875740843617,-0.9491722932714353,0.40161072408790427,-0.21168510983123812,-0.12806817360362133,1.1977629068148612,-1.2510209456392363,0.12341994873952394
78.0,137.0,109.0,141.0,8.8,10.16,13.170000000000002,0.625,0.9375,0.875,473.37000000000006,724.34,748.67,0.8392857142857143,0.9166666666666666,1.5168652913033227,0.78,238.04000000000002,265.18,0.9055555555555556,0.7194444444444446,0.8666666666666667,2.93,3.18,3.38,683.0,719.0,0.1194299085243686,-0.16754676154168757,1.0121869954054246,0.4782518062696216,0.28475683823295195,0.5383665053356783,1.6803491151059557,2.6152937886829206,0.7279088508789449,1.7474442696753156,1.639992170089406
79.0,124.0,137.0,147.0,10.73,14.55,16.520000000000003,0.75,0.75,0.5625,504.08000000000004,704.86,911.37,0.7142857142857143,0.4166666666666667,0.2514248950530711,0.71,192.58,0.0,0.9666666666666667,0.5666666666666667,0.6472222222222223,1.41,2.46,2.62,589.0,645.0,0.3715955151778304,1.2666471023729013,-0.005816798184353877,0.2735591664600501,1.2987398566346844,0.7207159671316028,-0.6191869301415811,1.0711938506172884,-0.025821305033245267,-0.41634993002867693,0.9894626619362186
80.0,89.0,105.0,120.0,9.06,10.88,13.660000000000002,0.9375,0.875,0.75,621.61,637.87,646.9,0.7678571428571429,0.16666666666666666,0.2187859328243932,0.81,163.66000000000003,204.57,0.8611111111111112,0.6305555555555555,0.7916666666666666,2.5,2.73,1.09,590.0,647.0,-0.4566224245473691,0.0535688298722361,1.065398568377032,-0.1686591101502804,-0.1050216646989266,0.5971398084495799,-0.5407198959071603,1.1628798974052583,0.20667317394381385,-0.9831395897983202,1.0007498724491497
81.0,69.0,77.0,44.0,9.5,13.270000000000001,16.950000000000003,0.5625,0.8125,0.5625,287.57000000000005,191.27999999999997,1371.1,0.8035714285714286,0.75,0.057766418432882494,0.45,221.41000000000003,159.32000000000002,0.9583333333333334,0.7805555555555556,0.6305555555555556,2.67,2.34,1.83,501.0,550.0,-1.7163090879528187,0.9194500738582438,-0.09650393556201561,-1.391568218111338,-0.46846192125281727,-1.7922473195071713,0.5321577234934418,-0.2114495413371975,0.6945903807485438,-0.6068476315971548,0.28783665157941307
82.0,96.0,106.0,106.0,9.290000000000001,10.91,15.530000000000001,0.8125,0.6875,0.625,461.2800000000001,654.94,831.99,0.7321428571428571,0.75,0.40996640205760615,0.31,121.83000000000004,242.66000000000003,0.9666666666666667,0.8333333333333334,0.6472222222222223,2.93,2.85,1.95,506.0,485.0,-0.5644257814751569,0.29983343451898653,0.00391009683736606,-0.4898168140879321,-0.18473724607628492,0.28000207375913816,0.07669542982986725,-3.4947076277451514,0.925039109059265,0.13129309500696018,0.07422778305042045
83.0,197.0,202.0,235.0,2.2699999999999996,10.74,10.260000000000002,0.6875,0.8125,0.5,704.98,748.73,917.4499999999999,0.875,0.6666666666666666,-0.19742938869330956,0.72,134.71000000000004,266.35,0.9444444444444443,0.8333333333333334,0.75,2.34,3.13,1.48,573.0,633.0,2.4460884041665105,-1.2451176585567363,-0.015543693206073683,2.0308416393772206,0.7643006663913474,1.6251955188535268,0.9081675583211878,-0.15796436740505904,1.0359240358805635,-0.32167569283536923,0.8808792726876256
84.0,131.0,130.0,123.0,8.64,6.750000000000001,10.96,0.4375,0.75,0.75,511.9100000000001,543.12,734.91,0.7678571428571429,0.5833333333333334,-0.02275334259592815,0.78,190.08,121.14000000000001,0.33055555555555555,0.8166666666666665,0.725,1.55,2.28,2.09,384.0,260.0,0.07367601630914308,-1.0618582470966385,-0.14899950069321044,0.15152111427554885,-0.7507668462836679,-0.11051639408642115,-0.04208870643456962,1.5350406980512696,-0.3099416024685746,-1.0002883135378573,-1.2344005195167957
85.0,122.0,93.0,125.0,9.92,11.420000000000002,12.450000000000003,0.9375,0.8125,0.75,464.82000000000005,743.95,845.76,0.8035714285714286,0.5833333333333334,-0.18497026810105172,0.79,203.96,216.29000000000002,0.7222222222222223,0.638888888888889,0.7666666666666666,1.61,2.56,2.55,560.0,692.0,-0.3078666837214361,0.12890496713363736,0.8569916320777866,0.014767152054202065,0.12056943593322013,0.6850618057246922,0.19142238867245748,1.9219825478525445,-0.08403716257235427,-0.2804000257610311,1.0401964465923217
86.0,153.0,155.0,173.0,10.4,11.420000000000002,18.03,0.875,0.875,0.8125,208.15000000000003,606.29,813.8599999999999,0.8035714285714286,0.6666666666666666,-0.08050584732479568,0.56,189.29000000000002,241.25,0.861111111111111,0.7916666666666666,0.7055555555555556,2.67,2.34,3.12,454.0,480.0,1.0192146318592354,0.8203104983549903,1.084136350580059,1.1925719174572589,1.7422415884341766,-0.8414681546475363,0.354752432298495,-0.11753229503962548,0.6503828869733491,0.5609064157840935,-0.15624786777838603
87.0,138.0,106.0,188.0,7.49,14.55,13.170000000000002,0.8125,0.8125,0.9375,499.62000000000006,754.45,617.24,0.7678571428571429,0.75,-0.04507905983739675,0.76,179.87000000000003,238.09,1.0,0.8333333333333334,0.8694444444444444,2.93,2.92,3.38,544.0,545.0,0.6365280979634691,0.464599446899177,1.012903003245837,0.7603086154193404,1.0620747810073805,0.6331854827889525,0.18829298246786821,1.1564539488362402,1.3302964121286742,1.4940119249080654,0.4455321993751612
88.0,118.0,114.0,151.0,8.25,10.350000000000001,17.860000000000003,0.625,0.8125,0.5,502.95000000000005,67.53999999999996,672.8299999999999,0.8392857142857143,1.0,1.0801499283280949,0.85,132.79000000000002,251.79000000000002,0.7694444444444445,0.5972222222222222,0.6277777777777778,2.5,2.56,2.91,357.0,671.0,0.16353314093030324,0.32338565850247153,-0.11524171776504269,0.02369348812986173,0.29062371720066776,-2.2284258292430414,1.618369339671457,0.7647952428224442,-0.34748966884889476,0.49868361238816994,0.13512330741468326
89.0,124.0,140.0,136.0,11.52,12.450000000000001,18.44,0.5625,0.75,0.6875,348.68000000000006,527.28,1073.04,0.8392857142857143,0.75,0.12595569415769953,0.48,68.83000000000004,240.01,0.2611111111111111,0.7666666666666666,0.5361111111111111,2.05,1.48,1.63,534.0,584.0,0.27367969301632966,1.2019190411852028,-0.0680392583372686,0.2506062038769736,1.2244079975138824,-0.43089041082366947,0.8615940195562062,-3.4252435762219307,-0.9163047058051494,-1.9418825030720528,0.5450954321728527
90.0,140.0,127.0,133.0,9.540000000000001,13.0,8.430000000000001,0.6875,0.9375,0.3125,616.4200000000001,594.91,677.9399999999999,0.7857142857142857,0.9166666666666666,-0.61481902704875,0.64,134.37,229.69,0.75,0.6388888888888888,0.8444444444444444,2.44,3.18,1.74,525.0,554.0,0.21589097437345883,-0.08436518667389836,0.04596275910642833,0.22085881117733963,0.125673509361675,0.4255716077997327,0.3412927516730796,-0.7600876326016698,0.09056821748128593,0.013343789513545756,0.4003033501814881
91.0,138.0,142.0,159.0,8.15,6.760000000000001,12.150000000000002,0.6875,0.75,0.75,528.76,468.83,923.1999999999999,0.7678571428571429,0.9166666666666666,0.2805995439682816,0.71,220.08,300.83,0.6944444444444445,0.30277777777777776,0.47500000000000003,2.67,2.45,3.16,423.0,377.0,0.6431359042357536,-0.9902302990086612,0.2497925975426655,0.6327303841645192,-0.2639929461886066,-0.18618594676198613,0.5635595930942552,1.6906050264381896,-1.7819348221568518,0.7043372202421669,-0.6537759505437812
92.0,127.0,119.0,167.0,10.01,10.52,15.150000000000002,0.9375,0.8125,0.625,610.23,484.71,911.88,0.8571428571428571,0.4166666666666667,-1.0176607368793422,0.56,175.71,188.93,0.7777777777777777,0.6305555555555556,0.7222222222222222,2.6,2.73,3.64,513.0,569.0,0.4499769526943421,0.2800038789317265,0.6201200185537944,0.45090006296954593,0.6335917418700219,0.1591977089172859,0.05664161561904879,-0.4234087956813652,-0.0682610702408715,1.3761326461979038,0.4052801829950109
93.0,128.0,111.0,120.0,9.290000000000001,11.920000000000002,18.340000000000003,0.875,0.8125,0.75,606.4200000000001,706.52,790.53,0.8392857142857143,0.5833333333333334,1.0801499283280949,0.85,274.04,161.46,0.9166666666666666,0.8083333333333335,0.8916666666666666,2.6,3.13,3.48,541.0,679.0,-0.15839983237042715,0.8012732325473739,0.7572936075188177,0.16285705139693324,0.8125273015543015,0.9740542787218841,1.0191779074201812,3.9463162822661624,1.1054241323807115,1.6211908499213412,0.9157544205445116
94.0,176.0,168.0,227.0,10.64,12.8,17.44,0.875,0.875,0.875,579.7800000000001,510.4,860.68,0.8571428571428571,1.0,0.5771880088466341,0.78,210.33,163.61,0.75,0.8555555555555555,0.6,2.93,2.1,2.91,599.0,717.0,1.9037404267505789,1.0380184642153953,1.2025721573420551,1.9007265490294996,2.552205525481133,0.11152283887911127,1.559494294842574,1.9911525638830239,0.49192862857706343,0.26926452215080476,1.289565912357127
95.0,116.0,94.0,142.0,8.99,10.47,13.840000000000002,0.75,0.625,0.375,580.0,503.46,689.3299999999999,0.75,0.8333333333333334,-0.0528927160453318,0.44,251.25000000000003,177.26000000000002,1.0,0.8083333333333332,0.6777777777777777,2.5,2.73,2.09,573.0,486.0,-0.1406016071712643,-0.010411025448531435,-0.7779380910688326,-0.43095170284360845,-0.39113708342102077,-0.08215359176281214,0.1543547033314056,0.3863597582029745,0.950087980131902,-0.077903894153942,0.3515912273440744
96.0,113.0,96.0,120.0,6.49,11.520000000000001,18.340000000000003,0.8125,0.875,0.8125,391.22,646.14,848.0899999999999,0.7678571428571429,0.75,0.3442551337197648,0.49,155.75000000000003,265.98,0.9166666666666666,1.0,0.6722222222222222,2.06,2.18,2.26,589.0,642.0,-0.3927225314842814,0.36097392119357463,0.98443832602109,-0.01900929735699315,0.2840623201661519,0.00980631674629363,0.3503848035931125,-1.3931456434403433,1.4556064146347414,-0.6841740423093468,0.9786608650924726
97.0,67.0,53.0,67.0,12.32,0.030000000000001137,9.71,0.25,0.4375,0.4375,439.88000000000005,558.09,939.74,0.625,0.6666666666666666,-1.4136397008754242,0.39,146.04000000000002,219.38,0.9333333333333332,0.6166666666666667,0.5055555555555555,2.21,2.09,1.61,175.0,5.0,-1.6910444907939541,-1.9507669228283513,-2.082307289676324,-2.001806597022369,-3.402840813731333,-0.104798909438907,-1.7055072655721137,-2.354935461935999,-0.13046050108215881,-1.2839220072045756,-3.006529888209221
98.0,182.0,176.0,193.0,9.13,10.200000000000001,14.71,0.875,0.875,1.0,238.35000000000008,744.0,1052.75,0.7857142857142857,0.5833333333333334,0.8798622297195073,0.57,157.12000000000003,201.56,0.9166666666666666,0.9055555555555556,0.9666666666666667,2.86,4.03,2.81,574.0,539.0,1.6262770366806107,0.056489743556335,1.4394437708660472,1.8944810275078205,1.7283933315766853,0.0821711617464437,0.4842214678831469,-0.7678226142038957,1.5659870966235498,2.024343894117272,0.5465089842006866
99.0,120.0,118.0,121.0,11.49,8.200000000000001,15.970000000000002,0.75,0.9375,0.625,213.55000000000007,509.58,720.54,0.7321428571428571,0.8333333333333334,-0.2850539880640245,0.31,130.37,277.35,0.8666666666666667,0.9055555555555556,0.2861111111111111,2.44,2.66,1.95,483.0,418.0,-0.13052901399551636,0.1415486281346477,0.7378398174753779,0.13175638080700441,0.234934767652967,-1.324215289530135,-0.09282468742107393,-3.3023523025993162,0.43080898952740876,-0.3034214039356343,-0.26099063665321887
100.0,132.0,106.0,138.0,10.83,12.700000000000001,17.740000000000002,0.625,0.75,0.875,287.24000000000007,611.69,249.39,0.6785714285714286,0.5833333333333334,-0.05011462929181858,0.51,181.00000000000003,171.60000000000002,0.7305555555555555,0.6861111111111112,0.8250000000000001,2.76,2.12,3.64,475.0,527.0,0.025756356306691163,1.0784035172135626,0.38696618650768877,0.21741450202048515,1.0919802905989202,-1.0814494733657436,-0.8060975519014503,-0.6757972911581733,0.18987703207714973,0.8630153151473275,0.09878654773274584
101.0,136.0,159.0,176.0,9.46,12.700000000000001,16.950000000000003,0.875,0.75,0.6875,609.7700000000001,636.86,840.63,0.8214285714285714,0.75,0.2974953689302112,0.78,192.08,316.06,0.861111111111111,0.9722222222222223,0.8083333333333332,2.34,2.5,2.44,666.0,731.0,0.9859839158898909,0.809830920908948,0.43045086445757635,0.8829871784380948,1.4587571856559254,0.7373125709229762,0.782487771975428,1.5800887835655169,1.4502731028194598,-0.0667354911835632,1.61373714297368
102.0,88.0,94.0,90.0,3.040000000000001,8.55,10.080000000000002,0.4375,0.5625,0.5,592.19,681.81,911.4499999999999,0.5714285714285714,0.6666666666666666,0.35841819022934085,0.6,154.50000000000003,160.84,0.6833333333333332,0.638888888888889,0.4444444444444444,2.2,3.18,2.98,357.0,550.0,-0.9106460013028974,-1.5654733998724972,-1.2479635366389306,-1.1009585572549832,-2.282156014696982,0.9347126544341507,-1.4193154632760212,-0.6039111972303641,-0.6524529931385531,1.0136251430652339,-0.30054916528306985
103.0,111.0,219.0,237.0,7.19,8.16,11.030000000000001,0.125,0.75,0.625,241.23000000000008,454.07,588.5699999999999,0.6964285714285714,1.0,-0.1747598052148912,0.57,142.33000000000004,251.60000000000002,0.9055555555555554,0.7000000000000001,0.5166666666666667,2.67,0.98,3.12,400.0,278.0,2.096330143927217,-0.985863137319035,-0.8843612370120477,1.2159342646465516,0.25722516408232,-1.5896740323054672,-0.1082762472631284,-1.1009532065817547,0.12706478930606901,-0.7647396953061358,-1.1042135365807106
104.0,115.0,76.0,103.0,10.61,13.25,12.810000000000002,0.8125,0.9375,0.5625,552.7800000000001,806.7,1000.68,0.7678571428571429,0.5833333333333334,0.3851588703332904,0.78,80.37,189.11,0.7777777777777777,0.28611111111111115,0.7527777777777778,2.67,2.56,1.95,565.0,445.0,-0.7638447636401533,0.5950050244051325,0.7191020352723508,-0.3938068205117804,0.14654419644858596,1.413115674591021,0.1277377165898903,-0.9360720328327683,-1.2500540623577323,-0.2837765948552333,0.17127856954274182
105.0,168.0,164.0,229.0,10.57,13.940000000000001,16.62,0.875,1.0,0.875,431.34000000000003,451.53999999999996,830.16,0.75,0.75,1.3145965505151587,0.82,215.50000000000003,232.13,1.0,1.0,1.0,3.07,3.12,2.91,571.0,277.0,1.8394109253460909,1.1452356140144189,1.6193860299405456,1.9205923779083889,2.6592194486481473,-0.6945037290928866,0.603844334269611,2.4048344102669468,2.122846020273495,1.3347888024127592,-0.4091059780044276
106.0,146.0,125.0,145.0,9.01,11.450000000000001,17.810000000000002,0.5625,0.875,0.875,704.9100000000001,800.53,982.6899999999999,0.8035714285714286,0.9166666666666666,0.016734551306491624,0.76,173.29000000000002,176.11,1.0,0.5472222222222222,0.7666666666666666,2.76,1.94,2.44,483.0,566.0,0.37188399740457123,0.6188093266327288,0.7040820345472103,0.6382783717738462,1.0823362099907459,1.9084439959771753,0.7547514658161409,1.0082457474943662,0.15402394903761163,-0.398720681387869,0.27189800763824773
107.0,110.0,130.0,124.0,7.15,11.56,16.810000000000002,0.9375,0.875,0.75,593.5300000000001,598.74,1021.48,0.8035714285714286,0.75,1.2836320616813761,0.75,226.41000000000003,127.70000000000002,1.0,0.9444444444444445,0.8250000000000001,2.25,4.03,2.72,655.0,730.0,-0.04498439687781755,0.2824924934863148,1.065398568377032,0.2552610631547576,0.46204220908256466,0.6913795826888558,1.0425233627237505,2.1304147624203766,1.658994855814908,1.6322532876806184,1.5651904052376584
108.0,70.0,80.0,86.0,8.21,9.790000000000001,9.700000000000001,0.4375,0.75,0.3125,432.39000000000004,43.700000000000045,578.5799999999999,0.8571428571428571,0.6666666666666666,0.6766526782613572,0.66,146.37000000000003,235.33,0.8472222222222223,0.7361111111111112,0.43333333333333335,2.57,3.39,1.95,469.0,575.0,-1.2000215678117196,-0.7034729491562868,-0.9780501480271833,-1.3709484166725239,-1.803142036469703,-2.670664118531686,1.1215513556708503,-0.3411828468513878,0.010643950869280772,0.4743362167217743,0.24709922153007746
109.0,92.0,82.0,121.0,8.15,9.9,18.35,0.75,0.5625,0.6875,402.82000000000005,734.18,994.3599999999999,0.7321428571428571,0.75,-0.3705249473848124,0.65,104.29000000000002,287.3,0.9027777777777778,0.8388888888888889,0.8083333333333332,1.55,1.97,2.55,385.0,19.0,-0.6433293070126694,0.28306416260270095,-0.39416599355809734,-0.7182015459539387,-0.4014024033348321,0.5667865065355218,-0.24824716780777606,-1.3633027024035504,1.0595808026163447,-0.8860492276870102,-2.0980588533472857
110.0,70.0,77.0,73.0,12.32,14.55,17.82,0.75,0.8125,0.75,428.58000000000004,592.68,1236.94,0.7857142857142857,0.5,0.7214820827377808,0.44,186.16000000000003,174.25,0.6555555555555556,0.7055555555555556,0.5111111111111111,2.6,2.46,2.27,482.0,391.0,-1.3774294750972773,1.6215015153684431,0.5578975584008796,-0.9962679301065793,0.4676342660603723,0.2885431536847815,0.298444646161181,-1.0797301848582053,-0.36998973423238296,-0.12721999947780793,-0.3622928208640329
111.0,121.0,90.0,142.0,6.8500000000000005,0.0,11.380000000000003,0.3125,0.5,0.1875,624.35,793.4399999999999,519.46,0.75,0.5,-2.2896434108588313,0.47,125.96000000000004,214.03000000000003,0.85,0.4388888888888889,0.4916666666666667,1.87,2.18,1.76,220.0,239.0,-0.1473167023051829,-2.4852311491269674,-2.2479455558660946,-0.821446990038623,-2.8008701740279744,1.1470935089484193,-1.2562266765297845,-2.2127531498398545,-0.9549349435964599,-1.2335421931273476,-1.9801191666275115
112.0,99.0,96.0,129.0,12.32,14.55,16.160000000000004,0.875,1.0,0.4375,492.2800000000001,585.46,0.0,0.7857142857142857,0.9166666666666666,0.6878330912061635,0.68,146.33,130.69,0.725,0.7916666666666666,0.5333333333333333,2.67,1.3,2.44,472.0,445.0,-0.3762309564398042,1.4345337208398443,0.7903353826065727,-0.22410006390886283,0.9970427931957762,-0.7068281793748641,0.8836269664293682,-0.1934675358968761,0.11203548364971289,-1.0683832363230827,-0.2087206038476117
113.0,90.0,87.0,125.0,8.06,8.100000000000001,8.46,0.8125,0.8125,0.6875,576.4000000000001,682.68,585.68,0.6964285714285714,0.8333333333333334,0.36813994927139726,0.73,162.75000000000003,320.7,0.8722222222222222,0.5777777777777778,0.5416666666666666,2.03,2.12,2.23,417.0,567.0,-0.5627118641492932,-1.172263512622552,0.5391597761978526,-0.4204129563864262,-1.3503839264732909,0.5690045003292928,-0.12192692428965982,0.5479179278370871,-0.3385715243147508,-0.7850918640635765,0.0058217738575250255
114.0,71.0,81.0,71.0,9.58,10.98,13.840000000000002,0.625,0.8125,0.5,356.13000000000005,141.63,738.3199999999999,0.6428571428571429,0.5833333333333334,0.6688145334085115,0.83,183.33,87.78,0.9305555555555555,0.5944444444444444,0.8333333333333334,1.76,1.68,1.74,467.0,477.0,-1.3564773854418744,0.16032098896426958,-0.11524171776504269,-1.1909006930276504,-0.923236952005351,-2.3698305593724696,-0.8078321889860939,1.7545440911026768,0.2824157292397296,-1.795030134136773,-0.1139315005998245
115.0,123.0,143.0,171.0,7.67,13.860000000000001,15.780000000000001,0.8125,0.875,0.5,490.01000000000005,457.02,640.8499999999999,0.8035714285714286,0.9166666666666666,-0.5789528655440873,0.68,131.16000000000003,223.17000000000002,0.65,0.6805555555555555,0.6777777777777777,2.67,1.63,2.98,509.0,566.0,0.6972709125213457,0.6558138371963063,0.3922592922111095,0.5574861365436466,1.0414848220052968,-0.6454786476430044,0.5067484395817481,-0.5351572645224418,-0.2173310524364686,-0.2578918307782247,0.37813433568286264
116.0,75.0,91.0,108.0,12.32,14.55,17.35,0.6875,0.8125,0.8125,586.82,494.55,1159.95,0.875,0.9166666666666666,1.0762880593536466,0.69,180.62000000000003,246.2,0.8111111111111112,0.861111111111111,1.0,1.73,2.14,2.72,538.0,491.0,-0.8129854751104957,1.5685648506525145,0.5766353406039069,-0.5903643095998533,0.7837309010963799,0.3569041997348827,1.797970237672068,0.6531900265772927,1.243461043578078,-0.4747952137556807,0.22658378048513078
117.0,58.0,85.0,141.0,10.63,11.14,12.55,0.6875,0.75,0.6875,427.43000000000006,172.26,601.5899999999999,0.6607142857142857,0.6666666666666666,-0.7718238135972477,0.56,160.83,77.10000000000002,0.26944444444444443,0.2111111111111111,0.5944444444444444,2.34,2.4,1.95,528.0,595.0,-0.5963089309434653,0.18197013047722627,0.1313567907806694,-0.7332509312066049,-0.4990372160948045,-2.1183035617638346,-1.137252536268047,-0.7585665519073652,-2.7917312388439233,-0.6077749608059433,0.5601859448973178
118.0,131.0,111.0,148.0,11.56,11.07,11.670000000000002,0.6875,0.6875,0.8125,507.70000000000005,794.55,799.17,0.8928571428571429,0.9166666666666666,0.6065892638354446,0.85,123.83000000000004,233.12,1.0,0.8583333333333334,0.5666666666666668,2.57,2.5,2.44,580.0,593.0,0.1814015046388442,0.19195076436792838,0.15982146800541647,0.23309824596417372,0.3668915432648221,1.0077396140152062,1.7529436562680347,0.5629798197186165,0.9596408189767998,0.050383296653472354,0.765457403090717
119.0,150.0,82.0,145.0,11.0,11.020000000000001,12.720000000000002,0.5625,0.8125,0.4375,498.85,719.63,1085.77,0.7857142857142857,0.6666666666666666,-0.27716432617357123,0.67,159.33,312.05,0.9111111111111111,0.9666666666666667,0.5361111111111111,2.2,2.92,2.44,471.0,346.0,-0.008592737358907393,0.22764711285741696,-0.33337554908600786,-0.0452073784289814,0.14966190103441981,0.9329424575192118,0.12235394827133213,0.025036883613333005,1.118751951517218,0.27136552265001934,-0.5692659123083285
120.0,211.0,159.0,241.0,11.38,13.31,17.540000000000003,0.9375,0.9375,0.8125,493.2700000000001,673.5,939.06,0.8214285714285714,0.9166666666666666,2.1127824543328924,0.9,127.37,261.58000000000004,0.8666666666666667,0.513888888888889,0.8333333333333334,2.57,4.03,3.38,629.0,671.0,2.1964103328349176,1.2396771696310234,1.3922413114382732,2.2759158982017844,3.0532922042324264,0.5754421907821664,1.777924292004387,1.0142556127408264,-0.1347548113435304,2.3926567255356965,1.2465187392660397
121.0,76.0,68.0,81.0,8.52,13.100000000000001,16.76,0.875,0.8125,0.625,411.89000000000004,339.9,0.0,0.7321428571428571,0.6666666666666666,-0.407146371388911,0.58,142.79000000000002,338.18,0.8222222222222223,0.8027777777777777,0.7361111111111112,2.34,1.81,2.07,477.0,410.0,-1.333296921478055,0.7384519374341629,0.5204219939948255,-1.0078932616705332,-0.27885341262739827,-2.0379375464452933,-0.3833320814673945,-1.0162840105810795,0.6573150672595716,-1.0742431519927615,-0.31431150393914487
122.0,136.0,118.0,135.0,6.760000000000001,10.48,15.600000000000001,0.9375,0.75,0.6875,323.50000000000006,419.26,759.12,0.7678571428571429,0.9166666666666666,-0.08416270282152297,0.55,199.91000000000003,205.14000000000001,0.9444444444444445,1.0,0.85,2.05,2.73,2.27,497.0,495.0,0.12922486456079518,-0.1026807143581156,0.5301488890165453,0.3102037349589085,0.18969558657799307,-1.2824369738078327,0.4116978305305862,0.047364902708629475,1.782071934606086,-0.14410692340171907,0.07345965897566843
123.0,210.0,217.0,250.0,8.21,8.080000000000002,9.750000000000002,0.8125,0.875,0.5,691.19,807.88,841.05,0.8214285714285714,0.75,1.9882507996682555,0.79,152.16000000000003,241.71,0.7999999999999999,1.0,0.5861111111111111,2.76,2.67,3.12,0.0,632.0,2.8400948879707517,-1.0109679912476104,0.3922592922111095,2.4707349817739206,1.3498970409050188,1.754862480733906,1.4864013541393581,0.7552371330335388,1.0875718216559267,0.9283996365737405,-1.4640065558589193
124.0,156.0,134.0,147.0,10.43,12.360000000000001,15.250000000000002,0.8125,0.875,1.0,654.87,806.52,818.15,0.8035714285714286,0.9166666666666666,0.44178944282135796,0.77,152.79000000000002,176.70000000000002,0.8611111111111112,0.8888888888888888,0.7444444444444445,2.5,3.4,4.02,603.0,689.0,0.5416180341004841,0.6832565459965521,1.3397457463070785,0.9958385204126583,1.4533885815519914,1.5983658316176808,0.9317149141440422,0.6208110073057295,1.0561074673570174,2.3222766561091595,1.2050931922839005
125.0,212.0,151.0,165.0,6.54,6.620000000000001,6.940000000000001,0.75,1.0,1.0,523.85,637.14,260.38,0.6071428571428571,0.8333333333333334,0.4434540335664148,0.7,220.46,309.8,1.0,0.7138888888888889,1.0,3.12,1.93,2.55,471.0,578.0,1.255350708021619,-1.8137306154907418,1.6568615943465999,1.8602658952822797,0.13888475496112496,-0.12422736081852226,-0.8431888491314378,1.624856026353498,1.102652034320073,-0.12557578917163864,0.2660730436080246
126.0,164.0,133.0,175.0,11.120000000000001,12.34,18.040000000000003,0.9375,0.9375,0.875,393.7900000000001,555.87,621.28,0.7678571428571429,0.8333333333333334,0.6222831828911308,0.69,230.29000000000002,179.56,0.9166666666666666,0.7000000000000001,0.49444444444444446,2.38,2.67,3.48,675.0,721.0,0.9029784964775713,1.0842877247181772,1.5106771182002694,1.2523119065912223,2.0153286484443895,-0.5839788444068774,0.5859747336437884,1.7719592303236251,0.11591486670475004,1.0607838810140926,1.614505267048432
127.0,142.0,128.0,152.0,10.93,8.670000000000002,13.000000000000002,0.75,0.875,0.75,374.90000000000003,684.41,987.93,0.7678571428571429,0.75,0.2312141141178259,0.71,204.62000000000003,179.69,0.9055555555555556,1.0,0.7083333333333334,3.33,2.54,3.1,509.0,501.0,0.45567387990031594,-0.1803126680448986,0.766304494700125,0.647477229964051,0.42429719790530196,0.24962253282198532,0.30332234406002107,1.342383325413058,1.4878480233357418,1.0738296592646641,0.1440954040683672
128.0,194.0,218.0,266.0,10.8,12.31,16.25,0.8125,0.875,0.75,401.89000000000004,611.3299999999999,862.0899999999999,0.8214285714285714,0.9166666666666666,0.6222831828911308,0.77,191.33,210.39000000000001,0.9333333333333332,0.9249999999999999,0.9666666666666667,2.25,2.8,2.44,447.0,417.0,2.933920411390508,0.8352354736829857,0.8660025192590939,2.611505589463624,3.0139485353278777,-0.0872470537799753,1.1573835193420083,1.4888876151652755,1.6692158312217178,0.17985735419358714,-0.41168768981675485
129.0,141.0,159.0,203.0,6.95,9.190000000000001,15.840000000000002,0.875,0.9375,0.9375,457.1600000000001,625.3,913.0699999999999,0.7857142857142857,0.8333333333333334,-0.6160813473217073,0.56,143.21000000000004,109.64000000000001,0.9111111111111111,0.5833333333333334,0.7277777777777779,2.5,2.34,1.63,490.0,476.0,1.3267069770528925,-0.2869603501643895,1.5294149004032964,1.4514801634263905,1.0489188070931248,0.21713239658241373,0.22092892239798934,-1.1554401852878837,0.0429553744348338,-0.8744608313012308,-0.02355380935442658
130.0,90.0,78.0,84.0,7.0600000000000005,14.55,4.020000000000001,0.5,0.75,0.625,211.20000000000005,622.34,836.9,0.8035714285714286,0.5833333333333334,0.0979067683696086,0.7,200.91000000000003,327.78000000000003,0.7444444444444445,0.6083333333333333,0.7000000000000001,2.34,0.64,2.55,677.0,645.0,-1.117879230126555,-0.6223449501433538,-0.2861730896582337,-0.9681396207013448,-1.3780265007347996,-0.7401041692702441,0.3091928150948404,1.1845109904517304,-0.24903646131591597,-1.7801755695360837,1.349031772241069
131.0,86.0,92.0,86.0,8.95,10.38,9.700000000000001,0.4375,0.6875,0.625,471.94000000000005,836.51,1090.8899999999999,0.7321428571428571,0.5,0.2150097978405512,0.57,94.41000000000003,311.55,0.7722222222222223,0.075,0.4138888888888889,2.5,2.45,2.62,548.0,612.0,-0.9877763160925878,-0.4984281661307631,-0.5942780505164479,-0.9577803390339708,-1.265527418678157,1.3405607458811273,-0.363985870950596,-2.180305335503121,-2.5287540852589396,0.12894388401900236,0.7031163793538896
132.0,119.0,140.0,135.0,12.32,13.14,16.290000000000003,0.8125,0.8125,0.8125,537.3700000000001,614.19,1110.69,0.7678571428571429,0.5833333333333334,0.1877693053015879,0.52,177.50000000000003,195.57000000000002,0.9,0.9249999999999999,0.8666666666666667,2.67,2.82,2.55,513.0,458.0,0.23122400542097493,1.1909836664787117,0.7760313897218449,0.4335374496094202,1.377637952411694,0.644105293203749,0.04555835860752751,-0.6803233044757077,1.4495653658295022,0.5127971672986432,0.005613699776410977
133.0,144.0,120.0,141.0,9.620000000000001,14.55,17.090000000000003,0.8125,0.9375,0.9375,626.08,666.85,940.14,0.8571428571428571,0.6666666666666666,1.2385300753098214,0.77,69.91000000000003,49.19999999999999,1.0,0.9722222222222223,0.8888888888888888,2.57,2.64,3.64,531.0,379.0,0.2664794621131465,1.1853364629474457,1.4297168758443275,0.7444335762990338,1.6488417880541704,1.0186334418098975,1.3554782288914682,-1.24598165640468,1.8550645716747436,1.273129701686015,-0.20528539000108856
134.0,81.0,79.0,89.0,9.91,10.89,10.920000000000002,0.875,0.875,0.5625,361.55000000000007,732.49,934.5,0.7142857142857143,0.75,0.15863355385693317,0.77,186.87000000000003,335.5,0.7666666666666666,0.5472222222222222,0.5805555555555555,1.89,3.39,3.38,580.0,466.0,-1.1068663376209487,-0.14178261109502396,0.6103931235320745,-0.8087796598011854,-0.8359693039396141,0.35578262601596794,-0.17846567881074815,1.3884303844685044,-0.6031369230196991,1.4225590191924347,0.308181336705472
135.0,79.0,73.0,123.0,8.66,14.55,15.260000000000002,0.5625,0.4375,0.5625,567.58,633.66,830.73,0.6428571428571429,0.3333333333333333,0.12595569415769953,0.75,85.91000000000003,227.07,0.8277777777777778,0.8888888888888888,0.9249999999999999,2.6,2.5,2.84,477.0,180.0,-0.7857663747884422,0.8533745107166848,-1.3469455533574868,-1.1697551166594233,-0.3266940246536293,0.5646904034608717,-1.39335590993761,-1.0342132449554984,1.2625090611783594,0.4277539385421415,-1.1424492619596673
136.0,96.0,96.0,91.0,11.290000000000001,13.520000000000001,13.96,1.0,0.9375,0.875,540.1600000000001,483.90999999999997,864.48,0.8571428571428571,0.9166666666666666,0.8287815665465441,0.89,108.25,87.54000000000002,0.9722222222222222,0.6277777777777779,0.5777777777777778,3.12,2.73,3.12,425.0,514.0,-0.8307505140520166,0.8631134697933103,1.6103751427592385,-0.1929275205417276,0.5483325656307745,-0.1380497830473375,1.5444021586812484,0.5092877788922232,0.09792416361030201,1.1702003873987334,-0.152321869445182
137.0,144.0,84.0,113.0,10.280000000000001,13.370000000000001,12.560000000000002,0.8125,0.8125,0.5625,462.6700000000001,798.62,787.6099999999999,0.8035714285714286,0.9166666666666666,-3.079740669677421,0.81,132.37,213.66000000000003,1.0,0.3055555555555555,0.6611111111111111,2.6,2.67,1.08,509.0,225.0,-0.39402220159590184,0.5455611647965493,0.3022881626738604,-0.10976329101729965,0.3574052056434106,0.8544364367576207,-0.5344065787232621,0.4581025995348583,-0.8679901155913018,-0.9997551219056859,-0.8496699055562598
138.0,63.0,63.0,60.0,0.0,0.0,0.25,0.1875,0.3125,0.25,497.5200000000001,0.0,1001.43,0.48,0.5,-2.7382997089999455,0.14,84.29000000000002,0.0,0.3972222222222222,0.13055555555555554,0.7361111111111112,2.6,0.76,1.09,323.0,110.0,-1.7018869359716131,-4.636786157586994,-2.954126607119772,-2.272696433163886,-5.882497390423211,-2.2192462247159397,-3.7189314338635278,-5.6034985104983495,-2.603972209731993,-2.852455759200961,-2.023737131347228
139.0,136.0,99.0,124.0,8.09,9.740000000000002,10.350000000000001,0.5625,0.75,0.5625,0.0,633.78,968.0699999999999,0.6607142857142857,0.5833333333333334,-1.572808092764724,0.66,245.50000000000003,264.66,0.25,0.13055555555555554,0.21944444444444444,2.67,2.56,2.44,273.0,347.0,-0.17603524128009151,-0.6551492734479623,-0.30491087186126087,-0.13790403032359763,-0.6685632587608403,-1.3133266971060904,-1.5905652584382293,1.8916255116622813,-3.6879902034858905,0.1597888960105121,-1.374695811546327
140.0,115.0,120.0,133.0,7.36,7.57,5.530000000000001,0.6875,0.8125,0.75,519.49,901.72,1154.05,0.7678571428571429,0.3333333333333333,-0.8366051400444816,0.37,199.79000000000002,212.95,0.8222222222222223,0.6472222222222223,0.20833333333333334,2.93,2.5,2.39,468.0,388.0,-0.005001534472558116,-1.691087198896073,0.45819953384191076,0.13146203563745554,-1.2931370105677527,1.8476439861082499,-0.7404351458456706,-1.2928844364053993,-0.6988375794156069,0.18843787544226595,-0.43029879434718693
141.0,77.0,74.0,71.0,9.790000000000001,10.65,9.040000000000001,0.75,0.625,0.4375,330.01000000000005,511.57,874.02,0.625,0.75,-0.10523143880485678,0.49,192.29000000000002,108.73000000000002,0.7222222222222222,0.3361111111111111,0.5555555555555556,2.67,2.28,2.39,376.0,270.0,-1.3852699279705152,-0.4132077199258044,-0.6595022843068366,-1.3633222325953533,-1.5543890629748984,-0.7554804474889771,-1.0409383043341158,-0.5701171210950446,-1.4842535531217114,-0.15840002929028354,-1.231082630974447
142.0,117.0,120.0,146.0,9.82,8.3,8.740000000000002,0.875,0.5,0.75,389.45000000000005,665.19,522.05,0.7321428571428571,0.6666666666666666,0.2187859328243932,0.64,115.08000000000004,341.41,0.7722222222222223,0.8722222222222222,0.625,2.44,1.83,2.84,584.0,557.0,0.15652569852528952,-0.8733845504779388,-0.28474107397740844,0.014898231473265619,-0.7148913207720176,-0.22903058292660375,-0.1227371767042737,-1.1945764173865845,0.6345159897536128,-0.30679565849220414,0.652179891434168
143.0,125.0,110.0,143.0,12.32,14.55,16.450000000000003,0.8125,0.875,0.8125,346.97,595.79,938.66,0.6964285714285714,0.5,0.28476869667938015,0.75,181.87000000000003,164.42000000000002,0.9166666666666666,0.85,0.8111111111111112,2.76,2.66,2.55,597.0,467.0,0.07743701552805607,1.4671967692815875,0.98443832602109,0.3528921020344661,1.536337564561681,-0.27433899434892156,-0.6359900914187937,1.127193898018089,1.1316642927045155,0.4026678921807812,0.3812441501440972
144.0,53.0,90.0,111.0,0.6500000000000004,6.390000000000001,8.690000000000001,0.5625,0.5625,0.3125,471.5400000000001,466.95,1379.72,0.5178571428571429,0.4166666666666667,0.35841819022934085,0.36,0.0,263.84000000000003,0.8833333333333333,0.5750000000000001,0.6611111111111111,2.44,2.82,1.95,296.0,463.0,-0.924323757451125,-2.4308653384544554,-1.4038749078069812,-1.4143070057849083,-3.281694015436538,0.042392896175596884,-2.2304008218747517,-5.867271075183536,-0.14449104467945317,-0.14746303792501936,-0.8630480433948373
145.0,74.0,72.0,71.0,8.42,10.55,10.200000000000001,0.3125,0.25,0.3125,168.43000000000006,113.13,522.3299999999999,0.8392857142857143,0.6666666666666666,-0.26793457883938626,0.5,233.54000000000002,207.75,0.9722222222222222,1.0,0.8583333333333334,1.3,1.97,2.23,428.0,268.0,-1.4227097276260414,-0.48046097046285396,-2.844701687539083,-1.9948439937966502,-2.1709141029482977,-3.3640470141727024,0.577767075725814,0.4333077789687052,1.8512188841613215,-1.3030276805508585,-1.0258111727810477
146.0,91.0,92.0,103.0,7.11,8.43,13.670000000000002,0.5,0.5,0.5,332.05000000000007,529.8,884.92,0.5535714285714286,0.9166666666666666,-0.7404133372471973,0.46,143.21000000000004,270.48,0.5888888888888889,0.8777777777777778,0.4833333333333334,3.07,1.65,2.98,431.0,593.0,-0.7617714755325273,-0.6495629606370846,-1.356672448379207,-1.041245045493556,-1.4655963422156695,-0.6600874789569874,-1.6678015262743877,-1.8985215486118692,0.06634359338731033,-0.034712186614661966,0.15664152314273128
147.0,71.0,71.0,66.0,10.93,14.55,14.820000000000002,0.625,0.375,0.5625,522.1500000000001,453.65,102.42999999999995,0.5357142857142857,0.4166666666666667,-0.8180367844527844,0.43,242.46,183.23000000000002,0.688888888888889,0.36944444444444446,0.22777777777777775,2.6,0.64,1.45,426.0,395.0,-1.5080838974157929,1.101392154250707,-1.4556544650977632,-1.6581482082348995,-0.5533649432228965,-1.0640847563279856,-2.5696717775669136,0.11406528603545829,-1.9309501187871327,-2.6435396832769467,-0.5767071316300039
148.0,108.0,131.0,162.0,7.9,10.870000000000001,14.46,0.875,0.8125,0.625,411.06000000000006,688.45,966.13,0.8392857142857143,0.75,-0.06815867847154661,0.5,182.25000000000003,293.64,0.8055555555555555,0.3444444444444445,0.6833333333333332,2.67,3.65,2.91,571.0,492.0,0.387976035366579,-0.010222306539983211,0.5204219939948255,0.318138291108444,0.2738169379087247,0.37395836631559864,0.7807782250877472,-0.7219503740441675,-1.0910198393779742,1.6477160414106864,0.3650227957973651
149.0,142.0,157.0,160.0,12.32,13.92,17.330000000000002,0.9375,0.9375,0.875,172.74,571.8,768.17,0.8035714285714286,0.75,0.9358558544369482,0.62,194.75000000000003,251.14000000000001,0.9722222222222223,0.5916666666666667,0.8583333333333334,2.05,2.82,3.38,601.0,637.0,0.8207659212327685,1.4509497942445544,1.5106771182002694,1.1479876142436414,2.2284182949735287,-1.1578369921670564,0.8977334118046223,0.45129779640866075,0.39521387508216577,0.948431279644512,1.0096900217581029
150.0,164.0,132.0,177.0,12.32,13.8,18.05,0.75,0.6875,0.8125,569.85,594.88,1109.82,0.8035714285714286,0.75,1.3756166816757533,0.87,225.75000000000003,17.720000000000027,0.9111111111111111,0.7222222222222222,0.5583333333333333,2.76,3.65,4.02,631.0,700.0,0.9164974004309148,1.5100704626979637,0.25951949256438545,0.9173941606950349,2.0730600024137518,0.6760512129333249,1.080819394300574,3.007246530189458,0.28087660302524,2.698356754468699,1.359108133989785
151.0,122.0,153.0,139.0,11.51,13.9,17.75,0.6875,0.9375,0.9375,602.0200000000001,753.8,932.06,0.9285714285714286,1.0,2.267777923740222,0.77,146.91000000000003,361.51,0.9444444444444443,1.0,0.7611111111111111,2.21,3.39,4.02,485.0,542.0,0.41822323515737037,1.3884093168510578,1.2303208267263894,0.7516431785243645,1.824535529703323,1.2961153553734512,2.8654329666577936,0.4883696358938424,1.6470851435681269,2.1648577431346254,0.1936556581224813
152.0,51.0,63.0,74.0,12.32,8.580000000000002,16.540000000000003,0.75,0.5625,0.75,605.8900000000001,787.56,915.04,0.8571428571428571,1.0,0.5189257624323655,0.4,203.62000000000003,273.93,1.0,1.0,0.8916666666666666,2.93,2.94,2.55,540.0,574.0,-1.6156427044116413,0.3841371944128948,-0.27573018679610123,-1.5080662126225235,-1.0181241007396657,1.4372974867760224,1.5352379264567082,-0.9836929436484199,1.9583308686959826,0.7621610932745582,0.5336055183963031
153.0,143.0,174.0,233.0,7.65,11.760000000000002,14.660000000000002,0.25,0.875,0.75,556.21,695.77,1133.37,0.8928571428571429,0.8333333333333334,1.16911829802034,0.84,189.66000000000003,290.17,0.8777777777777778,0.7000000000000001,0.425,3.12,2.82,3.1,561.0,670.0,1.824626287584412,0.14250364078521371,-0.03127970177162692,1.3690970356574388,1.3338366081112254,1.0802810269327492,1.8673035396568423,1.9714294180876686,-0.06863227684725276,1.239822254366817,0.9650692823552853
154.0,190.0,141.0,178.0,10.26,7.930000000000001,10.450000000000001,0.8125,0.875,0.8125,693.33,807.49,917.9699999999999,0.7857142857142857,0.8333333333333334,1.0065004347781341,0.59,210.50000000000003,230.24,1.0,1.0,0.7083333333333334,2.76,2.92,3.64,562.0,532.0,1.1739079847787277,-0.6908579276953148,0.98443832602109,1.431509287233877,0.6944785635104979,1.8347994661259592,0.8964597140354655,0.5831270608361626,1.6799206121801924,1.6428071452004036,0.4722726401600724
155.0,54.0,71.0,64.0,8.75,6.760000000000001,13.290000000000003,0.8125,0.75,0.5625,19.780000000000086,500.05,919.68,0.6607142857142857,0.75,-0.3468675992079128,0.39,165.87000000000003,300.98,0.9166666666666666,0.611111111111111,0.6666666666666666,1.39,1.79,1.28,403.0,179.0,-1.6363726843555875,-0.7831764458701481,0.09388122637461513,-1.419990965289184,-1.9131122302278423,-1.8596380791905678,-0.8404918838177352,-1.9082836940622365,0.060498302976624896,-2.292625662282207,-1.448414794573025
156.0,85.0,97.0,105.0,0.8599999999999994,7.82,17.3,0.6875,0.375,0.5,688.6,809.33,529.02,0.5892857142857143,0.5833333333333334,-1.0613358090032023,0.38,204.04000000000002,171.52,0.25,0.33055555555555555,0.5138888888888888,1.87,2.56,1.61,447.0,447.0,-0.7288847692177878,-1.171727284148839,-1.4743922473007904,-1.090531991824663,-1.9446490362589635,1.451609050195914,-1.9797175859821956,-1.1228491183552252,-2.527701147603269,-0.9989264281987933,-0.30366972137929543
157.0,199.0,214.0,252.0,10.83,12.270000000000001,16.470000000000002,0.6875,0.8125,0.9375,643.5400000000001,561.69,1000.14,0.8928571428571429,0.75,-0.020154247663724922,0.69,208.79000000000002,197.23000000000002,0.8055555555555557,0.7111111111111111,0.6027777777777777,2.76,2.99,1.79,666.0,717.0,2.7665998074124722,0.8566224533070912,0.8135069541278991,2.5689558109180837,2.9940164301985246,0.690139403536285,1.2523344480159995,1.287692311045466,0.09408145062107716,0.03635289338794767,1.5633287577028656
158.0,105.0,108.0,107.0,10.45,7.65,17.340000000000003,0.625,0.8125,0.5625,462.7800000000001,642.77,1053.6799999999998,0.8035714285714286,0.6666666666666666,-0.19379307358155412,0.81,228.00000000000003,144.09,1.0,0.6666666666666666,0.8583333333333334,2.86,1.65,2.44,533.0,548.0,-0.47833352111726396,0.05880604837608766,0.0031940889969533925,-0.3813690953227053,-0.289429801554659,0.4467852271627114,0.30758746934876746,2.6120768083985952,0.7191353044411105,-0.6304740076790502,0.41138785743080086
159.0,117.0,107.0,159.0,7.44,8.41,12.700000000000003,0.625,0.875,0.75,536.45,766.21,830.26,0.8035714285714286,0.8333333333333334,0.6164647857130193,0.75,208.37000000000003,272.43,0.8555555555555556,0.39444444444444454,0.45555555555555555,2.67,2.99,2.72,570.0,600.0,0.18313776313493021,-0.7192176696840917,0.5669084455821869,0.24451672624737064,-0.3825871899331329,1.0187493532157226,0.8845993551180069,1.7240810310818662,-1.1569516755586298,0.8323929994444669,0.7498014695551185
160.0,121.0,110.0,186.0,1.290000000000001,2.5500000000000007,8.170000000000002,0.625,0.75,0.75,545.22,809.06,985.4699999999999,0.6071428571428571,0.5,0.12841099877406853,0.67,162.33,298.23,1.0,0.41111111111111115,0.5750000000000001,2.57,1.13,2.27,553.0,616.0,0.545938271692654,-3.10869715353771,0.15009457298369652,0.36417162788321195,-2.2684302761363377,1.3817536980804894,-1.4537041175699548,0.09260901188470401,-0.6223763221643723,-1.438900280571965,0.7379488382310537
161.0,151.0,193.0,151.0,0.620000000000001,10.57,10.130000000000003,0.875,0.9375,0.8125,248.78000000000003,357.98,370.25,0.7857142857142857,0.6666666666666666,-0.08416270282152297,0.76,106.25,141.83,0.6777777777777779,0.325,0.5611111111111111,2.5,1.81,3.64,529.0,639.0,1.1125811266740442,-1.5071885393549944,1.2925432868793043,1.4001993231146757,-0.013857190173405254,-2.1824464101916097,0.20270647092914207,-0.5017660789432051,-1.6058231632350424,0.4284508295338073,0.7226983112226921
162.0,83.0,97.0,94.0,11.13,14.55,17.090000000000003,0.0625,0.4375,0.3125,78.33000000000004,187.68999999999994,420.08,0.6071428571428571,0.5833333333333334,-1.1458985773070136,0.35,85.21000000000004,203.24,1.0,0.5861111111111111,0.45555555555555555,1.74,1.1,2.07,446.0,416.0,-0.8674683580950472,1.3832830761758252,-2.6182729768772233,-1.4794813684668324,-0.15979950434278978,-3.4639259689697135,-1.8644001722653472,-4.022305528181426,-0.17976267587341987,-2.0718356737832204,-0.4193743013817708
163.0,138.0,137.0,153.0,10.190000000000001,11.71,14.790000000000003,0.875,0.75,0.8125,391.21000000000004,737.42,803.72,0.7678571428571429,0.5833333333333334,-0.2147824811092719,0.85,207.71,250.87,0.9722222222222222,0.3194444444444445,0.7138888888888889,1.89,1.76,2.44,663.0,755.0,0.5271812710377649,0.4809597481170037,0.6673224779815686,0.6654470626828992,0.9915268373746398,0.3560160705475944,-0.12203635368936887,2.4522965261861494,-0.7948096664072886,-1.017188388446424,1.6878934798723457
164.0,65.0,53.0,57.0,3.870000000000001,7.530000000000001,5.530000000000001,0.375,0.375,0.25,184.89000000000004,297.14,614.52,0.6964285714285714,0.8333333333333334,0.21412411633819411,0.44,138.71000000000004,188.52,0.3111111111111111,0.08333333333333333,0.5527777777777777,2.93,2.1,2.11,345.0,293.0,-1.8181562576109194,-2.1559175462321805,-2.4466255971436195,-2.2308396332706275,-3.777128900785347,-2.4329644948651237,-0.18604846114768303,-2.1484960136837232,-3.225889005385821,-0.4549240343646982,-1.2749352463025128
165.0,149.0,98.0,129.0,11.0,11.58,15.440000000000001,1.0,0.8125,0.75,446.0400000000001,605.72,1070.49,0.7321428571428571,0.25,-1.2428794240677346,0.78,155.79000000000002,262.73,0.85,0.6083333333333334,0.6416666666666667,3.12,3.18,2.81,412.0,535.0,-0.04754282075470809,0.6365483653362144,0.9566896566367558,0.3538134065628021,0.8446698813068513,0.2457896888248628,-1.330464934546845,0.7626912719094991,-0.12295217893195481,1.328210226153832,-0.12982745556126785
166.0,126.0,113.0,146.0,11.530000000000001,11.96,13.98,0.5625,0.75,0.8125,256.25000000000006,556.5,963.29,0.6071428571428571,0.4166666666666667,-0.7207817361982672,0.52,142.04000000000002,198.59,0.7611111111111111,0.25555555555555554,0.7611111111111111,2.76,3.39,2.62,494.0,474.0,0.14632347531768497,0.6111684508212565,0.16883235518672368,0.20262524193677695,0.689336126068903,-0.7394327674760974,-1.927087505313204,-1.479025860643313,-1.380246969216613,1.17759443579932,-0.01441095678185491
167.0,71.0,89.0,120.0,9.58,14.55,14.410000000000002,0.9375,0.8125,0.5625,531.6200000000001,602.5,875.2199999999999,0.6964285714285714,0.5,-0.08766442303232197,0.74,194.71,221.46,0.8777777777777778,0.5472222222222223,0.6666666666666666,2.03,3.65,2.72,595.0,692.0,-0.7189601831495045,0.8782412239716617,0.5016842117917983,-0.6573068655348371,0.1488202457456278,0.3473395384560174,-0.7910454747383755,1.3420944706871576,-0.2464007176199692,1.1498255017786772,1.183206888190842
168.0,134.0,89.0,140.0,9.42,8.23,13.130000000000003,0.625,0.625,0.4375,229.34000000000003,621.47,233.33999999999992,0.8392857142857143,0.6666666666666666,0.8798622297195073,0.82,219.46,243.58,0.7722222222222221,0.8166666666666668,0.8916666666666666,3.07,1.81,1.5,627.0,660.0,-0.09912703620185827,-0.44418781276747443,-0.8588983334247744,-0.3171565771101216,-0.6517730453130197,-1.2603358672024934,1.0556302535813678,2.494029619585156,0.8413804432648833,-1.2185026501577267,1.19874012560477
169.0,155.0,106.0,115.0,11.05,10.91,15.000000000000002,0.8125,0.875,0.75,646.23,604.49,823.91,0.7142857142857143,0.4166666666666667,1.237460230904151,0.7,27.5,214.79000000000002,0.7388888888888889,0.7583333333333333,0.6722222222222222,3.07,2.92,2.62,574.0,531.0,-0.09556976961879424,0.4708581290242114,0.8660025192590939,0.37552141443358666,0.7258044269314949,0.7124577035524405,-0.20867003764449887,-2.7213832640610853,0.2323407618326734,0.8773224931626202,0.5177041926173641
170.0,132.0,131.0,135.0,9.38,14.55,16.290000000000003,0.8125,0.9375,0.8125,635.58,651.75,981.36,0.8571428571428571,0.5,-1.7979571113150294,0.7,260.04,86.78,1.0,0.4000000000000001,0.7583333333333334,2.5,2.4,3.12,451.0,662.0,0.22695939430692927,1.0637697883680415,1.1928452623203354,0.5948277679853984,1.414724469192436,1.0276118717426772,-0.14838152146537587,2.5163576386804527,-0.3835852495691031,0.5328247424628741,0.48680310289089956
171.0,72.0,73.0,92.0,9.620000000000001,11.88,15.000000000000002,0.3125,0.4375,0.25,283.61000000000007,652.93,819.62,0.6785714285714286,0.4166666666666667,-1.4500112707267414,0.43,115.62,248.7,0.6277777777777779,0.08888888888888889,0.35833333333333334,1.59,1.49,1.12,433.0,77.0,-1.1847702704066445,0.46102027644970245,-2.3379166854033433,-1.7453475874968407,-1.1646097761756562,-0.3698724110719618,-1.6285942309018502,-2.742884297278108,-2.857354926813231,-2.6280428856490934,-1.69309550874737
172.0,91.0,88.0,121.0,10.17,13.43,15.970000000000002,0.6875,0.75,0.625,75.12,661.55,636.75,0.6964285714285714,0.5,0.3442551337197648,0.75,208.33,0.0,1.0,0.8111111111111112,0.7166666666666667,1.89,1.33,1.77,674.0,675.0,-0.5929776391162127,0.9262005083554717,0.012920984018673275,-0.5748121232978008,0.2620141916444869,-1.2477012866672759,-0.6112240547549411,1.7231800693715806,1.0190494971911401,-2.0428344131816853,1.4447917028272266
173.0,78.0,81.0,112.0,11.05,10.98,16.560000000000002,0.875,0.8125,0.625,632.4100000000001,734.4,883.9699999999999,0.8928571428571429,0.8333333333333334,0.9871617135282704,0.87,198.08,213.79000000000002,0.8833333333333333,0.8583333333333333,0.9333333333333332,2.34,2.27,2.27,450.0,427.0,-0.8427552692207311,0.6593808514424293,0.5204219939948255,-0.6859589739294316,-0.059064683443749266,1.2748355245061378,1.7915494070013485,2.3840062670998456,1.2791951928475875,-0.44481571058336683,-0.3634236624863
174.0,78.0,65.0,99.0,11.05,14.55,16.23,0.75,0.8125,0.625,357.1000000000001,616.45,663.9399999999999,0.7321428571428571,0.5,-1.5194261917819045,0.56,221.54000000000002,253.99,0.8194444444444443,0.513888888888889,0.6166666666666667,2.76,1.63,1.45,293.0,537.0,-1.1426847986804716,1.275933005078894,0.32102594487688746,-0.9436462998859717,0.22624496757120072,-0.41477565772587116,-1.0860850156839315,0.6088680838776126,-0.559821408920781,-1.5970733542213709,-0.6088617591004057
175.0,150.0,138.0,164.0,11.66,12.420000000000002,17.37,0.75,0.75,0.6875,689.84,586.48,1109.84,0.7857142857142857,0.8333333333333334,0.6844874926553973,0.88,218.33,207.84,0.888888888888889,0.6555555555555556,0.8250000000000001,2.5,3.39,2.09,613.0,627.0,0.7371573311523905,1.0942628725216244,0.23105481533963837,0.7208801520222827,1.5520136008740741,1.0653501454160539,0.7623958042162807,2.9144262692639984,0.4029283222996482,0.565424365639846,1.0227161836841567
176.0,97.0,88.0,113.0,11.3,14.55,10.300000000000002,0.75,0.8125,0.625,516.0500000000001,698.26,922.4,0.8571428571428571,0.5833333333333334,-0.6979173992852203,0.54,143.62000000000003,100.46000000000001,0.5777777777777778,0.6083333333333333,0.4444444444444444,2.67,3.65,3.16,542.0,541.0,-0.6475715769564927,0.6408025981301759,0.32102594487688746,-0.49085217565186473,0.09859911196947319,0.7456118544084912,0.42943719204136444,-1.2948216004222601,-0.976075112922608,1.874024965321781,0.4229577783492988
177.0,71.0,75.0,81.0,9.58,9.490000000000002,16.76,0.6875,0.5625,0.5625,237.10000000000008,351.26,237.69999999999993,0.7321428571428571,0.8333333333333334,-1.4646799834367372,0.54,151.12000000000003,179.69,0.9333333333333332,0.40277777777777785,0.5527777777777778,2.2,2.25,1.36,244.0,292.0,-1.2983076058424021,0.21636278909079015,-0.7307356316410585,-1.3368171082324614,-1.006013465587122,-2.380005882404923,-0.5839393364830223,-1.1258912797438327,-0.8214180588132771,-1.3593646863153606,-1.691223119577586
178.0,88.0,133.0,128.0,10.1,11.63,13.290000000000003,0.8125,0.875,0.5625,0.0,0.0,281.31999999999994,0.8392857142857143,0.75,0.2578324537035832,0.56,179.16000000000003,172.43,0.875,0.8555555555555555,0.7000000000000001,1.9,2.92,2.72,308.0,460.0,-0.10715189648917355,0.2855656055596024,0.5106950989731056,-0.07793213676805981,0.16890439774114063,-4.674679886998927,0.916498378003597,-0.34570084816928814,0.8980024890241874,0.3720678811212686,-0.8248176888333763
179.0,195.0,184.0,203.0,12.32,12.950000000000001,18.680000000000003,0.75,0.9375,0.875,524.35,697.26,936.23,0.875,0.8333333333333334,-0.38581723510436816,0.81,252.75000000000003,196.28,0.6722222222222222,0.6777777777777777,0.6,2.67,3.65,4.02,647.0,722.0,1.896951229012668,1.425380393434009,1.2115830445233624,2.066782575867263,3.022507060575136,0.7840623096734699,1.069412466066277,3.169546866637406,-0.30015574025847164,2.6525276635759463,1.5036975127175314
180.0,152.0,133.0,158.0,5.0,11.63,11.570000000000002,0.8125,0.9375,0.9375,563.6700000000001,585.4,1107.56,0.8035714285714286,0.6666666666666666,-0.22114938328691486,0.92,245.33,141.88,0.7777777777777777,0.525,0.5305555555555556,2.67,2.09,2.39,623.0,591.0,0.633596244168426,-0.5767214699774366,1.4297168758443275,1.0328421217227335,0.435824415288014,0.6115895010231223,0.2961981947030071,3.8198079690359314,-0.7357085856614227,-0.34360058892788914,0.9339547477302111
181.0,75.0,61.0,77.0,6.07,9.86,10.840000000000002,0.3125,0.5,0.1875,135.7600000000001,761.96,0.0,0.48214285714285715,0.5,-1.7393040990771205,0.54,192.00000000000003,258.24,0.8111111111111112,0.6944444444444443,0.7583333333333334,1.87,0.64,1.42,29.0,168.0,-1.4513541639969574,-0.8427889421783208,-2.2479455558660946,-1.8986153343095802,-2.387575199841869,-1.2177611679540976,-3.284955959962428,-0.2051084118326173,0.2821779466358083,-3.0424216024986084,-3.0161901017957087
182.0,179.0,105.0,119.0,11.22,9.14,9.320000000000002,0.625,0.6875,0.5,720.85,762.63,561.9399999999999,0.6607142857142857,0.5,-0.24361592921300776,0.52,105.37,209.18,0.5833333333333334,0.125,0.46388888888888885,2.34,1.81,3.64,539.0,443.0,0.08961533302342845,-0.47071521581978004,-0.5320555903635331,0.1986623600689849,-0.21611303415697258,1.3985473554895251,-1.1570198915108394,-2.304982508547038,-2.6586828653466434,0.346976890168913,0.05784104360229622
183.0,121.0,122.0,139.0,0.0,0.0,6.590000000000002,0.625,0.5625,0.5625,359.49000000000007,533.27,441.03999999999996,0.5892857142857143,0.5,-1.0876423204143624,0.87,182.08,158.62,0.9666666666666667,0.7888888888888889,0.85,2.18,2.01,1.63,297.0,266.0,0.11985951686576893,-3.9227043399295733,-0.8304336562000275,-0.1428623951763039,-3.397021034420321,-0.9752257575028903,-2.110508083701459,2.023621582985867,1.0745009904325236,-1.3590728399279133,-1.5682800235170538
184.0,131.0,93.0,135.0,12.32,12.440000000000001,14.910000000000002,0.875,0.6875,0.6875,533.6500000000001,691.52,1357.4299999999998,0.7678571428571429,1.0,0.8731930890299169,0.75,150.16000000000003,275.09000000000003,0.688888888888889,0.7472222222222222,0.8916666666666666,2.67,2.92,2.27,325.0,459.0,-0.13737750515538588,0.9073721279571844,0.22204392815833116,-0.019004784046218554,0.739581237633656,1.1978576115314397,0.9301128316233405,0.4129565021896972,0.4242847300753455,0.356805151274852,-0.7589560732905819
185.0,99.0,97.0,123.0,11.32,12.530000000000001,16.020000000000003,0.5625,0.375,0.5625,554.1200000000001,791.09,929.89,0.875,0.75,-0.27716432617357123,0.68,59.910000000000025,175.68,1.0,0.75,0.5750000000000001,2.21,2.12,2.62,520.0,564.0,-0.435637148634324,0.9177826367938187,-1.5553524896567321,-0.8457095291497528,0.014582508177802489,1.2832300391690399,0.994809733468197,-2.1399953109675027,0.5860087874115258,-0.3403917609767626,0.41587927657513835
186.0,73.0,80.0,74.0,9.65,5.460000000000001,14.040000000000003,0.4375,0.375,0.5625,195.88000000000005,534.14,926.65,0.7142857142857143,0.9166666666666666,0.4558034506744764,0.79,192.21,252.09,0.8333333333333334,0.5027777777777778,0.4694444444444444,2.76,1.85,1.84,369.0,321.0,-1.3190931132142125,-0.8187710832608015,-1.7547485387746702,-1.58220307880289,-2.0867451273569175,-1.0838298560970818,0.18493187867285513,1.6573250454563413,-0.7947664965502085,-1.029588679655467,-1.07605417295047
187.0,56.0,73.0,69.0,8.870000000000001,10.600000000000001,9.96,0.625,0.5625,0.5625,471.20000000000005,648.3299999999999,1370.56,0.6785714285714286,0.9166666666666666,0.16376139364999193,0.4,196.50000000000003,278.11,0.49166666666666664,0.6749999999999999,0.8888888888888888,2.6,1.48,0.88,387.0,350.0,-1.547770547505603,-0.43934599767554183,-0.8304336562000275,-1.5910520350247757,-1.7782836324233708,0.8052281612164982,-0.23770122770163143,-1.1440641280791404,-0.23855106168550883,-2.3407426082385125,-0.8980885763531155
188.0,205.0,163.0,213.0,9.48,12.15,16.43,0.8125,0.9375,0.9375,550.35,738.06,384.52,0.9107142857142857,0.6666666666666666,-0.4656656392873289,0.76,256.04,203.25,0.9333333333333332,0.8333333333333334,0.9666666666666667,3.12,3.13,3.38,616.0,536.0,1.875717637173589,0.6531712709483164,1.4297168758443275,2.119394098507252,2.4254320006261976,0.5191232270204759,1.097539541676641,2.87211028564635,1.3423575638774177,1.79545758329281,0.7073197172751648
189.0,166.0,117.0,185.0,9.97,14.55,14.530000000000001,0.75,0.8125,0.6875,547.6,714.59,896.76,0.7142857142857143,0.9166666666666666,1.392848852531627,0.86,184.50000000000003,275.53000000000003,1.0,0.8916666666666666,0.8277777777777776,2.21,2.09,3.38,582.0,723.0,0.8792944206186195,0.9428822523657554,0.43946175163888357,0.8891473424167673,1.5751448501124066,0.9022886534897507,0.5750527521474889,2.003821630125708,1.4750220694123672,0.3183451740859743,1.2417072915539091
190.0,115.0,134.0,117.0,10.61,11.65,15.860000000000001,0.6875,0.6875,0.6875,99.06000000000006,732.66,353.68999999999994,0.8392857142857143,0.75,0.4779891089999841,0.58,190.58,227.45,0.4805555555555556,0.36944444444444446,0.5111111111111111,2.21,2.45,2.26,590.0,526.0,-0.05660432509583638,0.6455462338066208,-0.07705014551857581,-0.015216860709637292,0.5246669440234552,-1.1322747483045519,1.008156377173395,0.060139992781860274,-1.9243692565693389,-0.3446124815118451,0.5650773997513967
191.0,185.0,119.0,163.0,10.72,11.3,10.230000000000002,0.4375,0.75,0.625,237.51000000000005,74.72000000000003,882.23,0.6071428571428571,0.5833333333333334,-0.2147824811092719,0.53,121.29000000000002,157.97,0.7250000000000001,0.7916666666666666,0.8277777777777778,2.76,2.64,2.09,338.0,178.0,0.7635025046598694,-0.03823771902197537,-0.38587111421720266,0.7283679723890739,0.6145288926356255,-2.936670288419269,-1.4767478514332664,-1.8720916115212307,0.5591792289629522,-0.033235323566959796,-1.717606213632478
192.0,124.0,96.0,109.0,1.5300000000000011,5.98,11.540000000000003,0.6875,1.0,0.8125,508.23,442.77,801.3299999999999,0.6428571428571429,0.6666666666666666,-0.6483677865992505,0.66,138.91000000000003,234.78000000000003,0.7444444444444445,0.041666666666666664,0.14444444444444446,1.89,2.25,2.23,395.0,492.0,-0.4507480699703831,-2.069583936988297,1.2018561495016427,0.08233141764537184,-1.6522798432359749,-0.4872271442616825,-1.2363774879932152,-0.5092122058195305,-3.1132822852497437,-0.7296653886242342,-0.3541154248123362
193.0,54.0,66.0,87.0,2.3200000000000003,7.510000000000001,10.750000000000002,0.5,0.625,0.5625,499.26000000000005,750.5,1407.6599999999999,0.7321428571428571,0.4166666666666667,-0.3008882125831098,0.56,0.0,363.84000000000003,0.5833333333333334,0.5166666666666667,0.8777777777777778,1.9,1.97,2.91,435.0,363.0,-1.419644477805047,-1.774835205843205,-0.8214227690187201,-1.539528294407666,-2.8459128696979037,1.375675511929264,-0.698608395231182,-4.381108348535565,-0.633574386377773,-0.38194013489432743,-0.6551521844093888
194.0,129.0,137.0,158.0,11.55,11.030000000000001,13.220000000000002,0.625,0.875,0.625,440.06000000000006,630.6,1156.28,0.6607142857142857,0.5,-0.4070199781753729,0.56,214.37000000000003,86.68,1.0,0.8833333333333333,0.8777777777777778,2.67,1.79,2.98,372.0,244.0,0.5287694233761262,0.3578936231244924,0.33003683205819473,0.5041897969538798,0.7458191272662119,0.4131710302081642,-1.225050031975909,0.44737069730903634,1.5212377514308284,-0.10193346476760928,-1.3410422540886473
195.0,94.0,100.0,112.0,8.24,11.64,18.290000000000003,0.9375,0.9375,0.875,493.12000000000006,559.97,745.5899999999999,0.7321428571428571,0.5833333333333334,-0.41176250042953155,0.62,208.83,254.13,0.9444444444444443,0.6277777777777778,0.39999999999999997,3.12,2.14,3.12,530.0,571.0,-0.5645368363308854,0.6067244843499263,1.5106771182002694,-0.06740020799790628,0.4459911984591972,-0.09500678876074582,-0.5050922046715884,0.7684363184289615,-0.22854135636104336,0.5951039127345901,0.4819435953815513
196.0,95.0,125.0,124.0,6.38,11.450000000000001,11.71,0.875,0.9375,0.8125,377.18000000000006,492.87,1211.6799999999998,0.75,0.8333333333333334,0.6844874926553973,0.8,21.5,217.06,0.9444444444444445,0.9722222222222222,0.8333333333333334,2.57,3.65,3.12,605.0,438.0,-0.1850596943192236,-0.41300894490456774,1.2925432868793043,0.15481630893781484,-0.20691730041477863,-0.34313841498253855,0.46134880471763706,-2.1134461572798413,1.657713951485166,1.7868943253929468,0.3095148815913576
197.0,96.0,98.0,81.0,11.290000000000001,12.55,17.950000000000003,0.8125,0.875,0.8125,433.81000000000006,333.28999999999996,709.72,0.7142857142857143,0.8333333333333334,-0.2615891367101684,0.57,213.58,326.5,1.0,0.5666666666666667,0.8333333333333334,2.05,2.56,2.39,486.0,502.0,-0.926619254320468,1.134890441004151,0.98443832602109,-0.4089849555776028,0.5831594252963475,-1.305508503479662,-0.23357904654180242,0.503884839863306,0.3245976141769933,-0.20118440381067215,0.0537177128229693
198.0,164.0,115.0,130.0,8.790000000000001,8.05,13.370000000000001,0.375,0.5,0.375,443.9000000000001,541.12,1120.29,0.8035714285714286,0.4166666666666667,0.0663625800996212,0.5,126.21000000000004,226.04000000000002,0.7083333333333334,0.6222222222222222,0.5416666666666666,3.07,1.63,1.79,584.0,588.0,0.21710118075392987,-0.532704016938998,-1.792940111021137,-0.13865851764560425,-0.5671541058678177,0.010871135430423451,0.05638342466324122,-1.9841977301533777,-0.5133972222156833,-1.1314374601827994,0.7637984588195428
199.0,113.0,100.0,144.0,10.58,9.790000000000001,12.680000000000001,0.4375,0.5,0.4375,571.1200000000001,898.24,1101.98,0.7321428571428571,0.4166666666666667,0.2514248950530711,0.51,241.46,285.15,0.9166666666666666,0.7611111111111111,0.49444444444444446,2.6,1.47,1.63,569.0,515.0,-0.07969984136824357,-0.05714754917907376,-1.574806279700172,-0.5777836348206349,-0.5604091323986983,1.9656128946996105,-0.46866343039225977,0.6860063339375231,0.33382037826761657,-1.671563234380892,0.4396645463652162
200.0,171.0,105.0,185.0,8.39,10.0,12.130000000000003,0.9375,0.875,0.875,295.02000000000004,631.7,1382.86,0.875,0.75,1.1638107373541904,0.81,89.96000000000004,203.73000000000002,0.9722222222222223,0.7277777777777777,0.8333333333333334,2.86,2.99,2.26,522.0,212.0,0.7971814041467424,-0.36772870030835014,1.302270181901024,1.0960440379731209,0.66614503669764,0.12207592094195052,1.5947320524129034,-0.49714205379475573,0.842583843129125,0.5127348824438644,-0.8433595278568512
201.0,98.0,98.0,147.0,10.32,11.58,13.400000000000002,0.9375,0.8125,0.6875,581.48,818.54,1023.5999999999999,0.875,0.9166666666666666,-0.07596755684733683,0.65,244.25000000000003,198.61,1.0,0.7777777777777777,0.8333333333333334,2.21,3.39,3.38,320.0,372.0,-0.15708545212703287,0.31763919303984023,0.7385558253157906,-0.07185048876875463,0.20104042842720043,1.5872921893584528,1.3182507208082441,1.7891623218834782,1.0773621086668967,1.5855068979222233,-1.0926382448447172
202.0,151.0,93.0,152.0,6.11,12.440000000000001,13.000000000000002,0.875,0.75,0.6875,655.21,733.98,974.81,0.8928571428571429,0.9166666666666666,0.0803901410579748,0.8,170.91000000000003,83.53,0.9305555555555555,1.0,0.8694444444444445,1.39,2.73,2.31,626.0,598.0,0.18157893200985653,-0.12182530016298215,0.43045086445757635,0.3318802823949956,0.19297268810564228,1.4412287517495554,1.5338707479621179,1.2518710710620065,1.783354326197926,-0.4439774954561329,0.97141697821692
